frequency_female;frequency_male;name
0;514;ABDO
239;0;ABEGAIL
194;26697;ABEL
1045;0;ABELINA
10122;181;ABIGAIL
35;13709;ABILIO
150;12421;ABNER
111;21061;ABRAAO
0;141;ABRAMO
60;9935;ABRAO
2643;0;ACACIA
33;8085;ACACIO
0;239;ACILDO
33;297;ACIMAR
106;4594;ACIR
296;0;ADAGILSA
1003;0;ADAIANE
141;43434;ADAILTON
4673;28647;ADAIR
0;43;ADAIRSON
151;47995;ADALBERTO
9541;24;ADALGISA
4343;0;ADALGIZA
0;322;ADALMO
66;22060;ADALTO
73;2634;ADAN
292;121982;ADAO
0;6419;ADAUTO
0;1203;ADECIO
137;643;ADECIR
143;124;ADEGMAR
28;672;ADEJAIR
366;73;ADEJANE
31777;470;ADELAIDE
2242;27;ADELAINE
921;42;ADELANE
55;163;ADELCIR
753;0;ADELE
36789;119;ADELIA
1504;65;ADELINE
1592;2380;ADELIR
3897;0;ADELITA
5654;123;ADELMA
102;30396;ADELSON
73;164;ADEMAIR
197;62618;ADEMAR
0;602;ADEMILSO
69;21606;ADEMILSON
695;122923;ADEMIR
129;34137;ADENILSON
4000;8049;ADENIR
0;6364;ADEVALDO
182;1519;ADIL
2389;0;ADILENE
2324;0;ADILIA
35;194;ADILMAR
428;155002;ADILSON
2315;112;ADINA
1906;10000;ADIR
380;27;ADIRCE
56;0;ADIRLEIA
53;896;ADJAIR
0;95;ADJALMO
35;11700;ADMILSON
703;0;ADNEIA
31;0;ADNY
0;271;ADOILSON
46;17515;ADOLFO
0;195;ADONILTON
2070;148;ADREA
565621;2347;ADRIANA
45999;435;ADRIANE
321;0;ADRIANGELA
2569;270;ADRIANI
465;0;ADRIANNE
2730;335585;ADRIANO
393;27200;ADRIEL
65797;419;ADRIELE
20110;174;ADRIELI
6575;28;ADRIELLE
1786;0;ADRIELLI
115;0;ADRYANE
380;239;ADY
148;190;ADYR
0;47;AELINTON
0;63;AFIF
163;48511;AFONSO
23309;115;AGATA
13012;49;AGATHA
11482;31;AGDA
64;28397;AGENOR
30;5334;AGEU
550;0;AGLAE
156;0;AGLAER
712;125;AGLAIR
2112;26;AGNA
172;68920;AGNALDO
7718;332;AGNES
35;14663;AGOSTINHO
267;0;AGUINALDA
79;25588;AGUINALDO
9823;41;AIDA
26;0;AIDYL
38;0;AILEMA
367;113335;AILTON
1477;89;AIRA
0;1563;AIRTO
160;53026;AIRTON
136;0;AKEMY
723;0;AKIKO
0;545;ALADIM
2981;294;ALAIDES
4472;8807;ALAIR
1375;46;ALAIS
1828;205614;ALAN
67615;360;ALANA
2082;0;ALANNA
1042;0;ALANY
26;6474;ALAOR
0;77;ALAUR
15526;46;ALBA
323;467;ALBANIR
0;716;ALBARI
59;7946;ALBERT
341;108018;ALBERTO
45;15497;ALBINO
0;25;ALBONI
365;0;ALCELIA
78;3059;ALCEMIR
0;300;ALCENDINO
586;487;ALCENI
37;18714;ALCEU
700;2643;ALCI
600;54108;ALCIDES
8706;64;ALCILENE
29;0;ALCIMARI
4100;0;ALCINEIA
0;231;ALCION
26268;7630;ALCIONE
252;236;ALCIONI
388;9233;ALCIR
32;455;ALCYR
32789;104;ALDA
165;0;ALDACIRA
618;0;ALDAIZA
90;396;ALDAMIR
1086;3772;ALDEIR
29;4479;ALDEMAR
977;0;ALDENEIDE
6193;60;ALDENICE
1856;90;ALDETE
75;0;ALDIA
862;0;ALDICEIA
2290;0;ALDINA
231;2221;ALDINEI
0;317;ALDINEY
699;0;ALDIRA
381;0;ALDIVINA
105;35308;ALDO
0;280;ALDONEI
120;0;ALECANDRA
33;7275;ALECIO
36;5115;ALECSANDRO
236;0;ALECXANDRA
833;0;ALEKSANDRA
0;221;ALEKSSANDRO
124;0;ALENISE
0;667;ALERSON
16897;147;ALESANDRA
242273;1360;ALESSANDRA
1789;148702;ALESSANDRO
658;0;ALETEIA
238;0;ALETHEA
2355;309181;ALEX
181;20362;ALEXANDER
89381;1086;ALEXANDRA
2434;441663;ALEXANDRE
478;76472;ALEXANDRO
0;403;ALEXEI
0;710;ALEXON
18137;159;ALEXSANDRA
253;45536;ALEXSANDRO
2806;25;ALEXSSANDRA
655;0;ALFREDINA
140;57217;ALFREDO
0;558;ALGACIR
0;24;ALGACYR
0;237;ALGEU
191430;830;ALICE
0;152;ALICEU
0;124;ALICINO
0;4907;ALICIO
3948;21;ALIETE
509869;1868;ALINE
3337;0;ALINI
1385;0;ALINNE
1190;0;ALINY
59;174;ALIR
764;72186;ALISON
810;94270;ALISSON
819;0;ALITA
267;30678;ALLAN
4529;22;ALLANA
1723;0;ALLINE
26;2144;ALLISSON
887;477;ALMERI
18286;78;ALMERINDA
266;64288;ALMIR
10462;49;ALMIRA
27;9021;ALMIRO
0;31;ALOIZ
3750;34047;ALTAIR
110;8965;ALTAMIR
24;3132;ALTEMAR
0;1667;ALTEVIR
5049;22;ALTINA
0;259;ALTIVIR
50;18029;ALUISIO
29;0;ALVACELI
490;1537;ALVACIR
0;22;ALVANDI
1199;981;ALVANIR
266;65444;ALVARO
69;2472;ALVIMAR
0;785;ALVIN
11335;48;ALVINA
32;10257;ALVINO
2148;0;ALYNE
52;5588;ALYSSON
1979;62;ALZENI
6274;630;ALZENIR
64176;210;ALZIRA
1051;0;ALZIRENE
0;126;ALZIRIO
28;5732;AMADEUS
464624;1808;AMANDA
0;1654;AMANDIO
1451;25;AMARILDA
110;34838;AMARILDO
1159;0;AMARILIS
94;33147;AMARO
193;35866;AMAURI
0;3600;AMBROSIO
56130;152;AMELIA
119;0;AMERI
0;2039;AMILTO
118;41900;AMILTON
514;0;AMIRA
3079729;10129;ANA
4419;566;ANADIR
1064;0;ANAI
7283;327;ANAIR
20640;50;ANALIA
16354;46;ANALICE
1033;0;ANALINE
146;0;ANALIZ
2483;0;ANALU
1538;0;ANALUCIA
1319;0;ANAMARIA
220;51;ANAMIR
13231;54;ANANDA
413;18428;ANANIAS
0;137;ANAOR
1409;0;ANAPAULA
41;6433;ANASTACIO
0;356;ANATOLIO
2473;470777;ANDERSON
2658;25;ANDIARA
4833;578975;ANDRE
174949;1145;ANDREA
290970;1120;ANDREIA
507;44;ANDRELI
0;1566;ANDREO
43859;208;ANDRESA
184933;805;ANDRESSA
76;0;ANDRESSIA
79;8469;ANDREW
0;1874;ANDREWS
235;0;ANDREYA
65919;244;ANDREZA
3709;0;ANDREZZA
4237;51;ANDRIA
10784;121;ANDRIELI
1501;0;ANDRIELLE
43;0;ANDRIELLEN
748;0;ANDRIELLI
0;44;ANDRUS
214;0;ANDRYELLE
35222;161;ANE
993;0;ANELIA
896;0;ANELISA
8292;21;ANELISE
3772;0;ANELITA
1986;0;ANELIZE
31;0;ANELLA
45;0;ANEMARIE
24;0;ANEMEIRE
8871;30;ANESIA
28;8328;ANESIO
5337;21;ANETE
278058;738;ANGELA
123200;409;ANGELICA
46649;154;ANGELINA
1047;0;ANGELINE
218;31;ANGELIS
135;0;ANGELISE
32185;77;ANGELITA
0;672;ANGELITO
473;78108;ANGELO
43;8448;ANIBAL
1790;0;ANICE
257;0;ANICEIA
239;0;ANIELLI
731;0;ANIELLY
0;5536;ANILDO
0;3502;ANILSON
53;0;ANILZETE
256;127;ANIR
53;174;ANIS
7542;20;ANISIA
58;18652;ANISIO
37219;104;ANITA
22;6229;ANIZIO
55426;183;ANNA
76;0;ANNABEL
24280;70;ANNE
824;0;ANNELISE
207;0;ANNELIZE
86;0;ANNELYSE
1513;0;ANNI
1108;0;ANNIE
78;19079;ANSELMO
49;21861;ANTENOR
51;6171;ANTHONY
588783;4032;ANTONIA
101;0;ANTONIELY
4921;21;ANTONINA
8854;2567494;ANTONIO
114;12784;ANTONY
5078;38;ANY
57;0;ANYELI
303020;1004;APARECIDA
486;93950;APARECIDO
0;216;APOLIANO
2527;0;APOLONIA
63;6133;AQUILES
45;0;ARACE
2206;80;ARACELI
914;0;ARACELIA
17470;703;ARACI
3390;95;ARACY
34;1970;ARAMIS
136;111;ARARI
266;257;ARCELI
0;28;ARCESIO
50;0;ARCILEIA
429;62;ARELI
274;98;ARENI
632;0;ARETHA
829;0;ARETUSA
0;180;ARGOS
236;43368;ARI
6804;45;ARIADNE
22968;90;ARIANA
74046;325;ARIANE
940;0;ARIANNE
1118;0;ARIANY
38;0;ARIDINA
60;0;ARIDNA
23;0;ARIEDINE
2755;27128;ARIEL
296;0;ARIELEN
4486;44;ARIELI
332;0;ARIELLA
359;0;ARIELLI
2309;106;ARIENE
1361;0;ARIETE
1936;0;ARILDA
270;0;ARILDE
22;8533;ARILDO
1617;0;ARILENE
345;0;ARILZA
1059;32;ARINE
39;0;ARINILDA
55;1023;ARIOMAR
0;803;ARION
0;4628;ARIOSVALDO
0;8538;ARIOVALDO
22;8685;ARISTEU
68;15240;ARISTIDES
0;224;ARITON
59;0;ARLEANDRA
473;7825;ARLEI
2921;52;ARLEIDE
71;1011;ARLEM
17440;115;ARLENE
59608;259;ARLETE
176;3914;ARLEY
1271;1552;ARLI
155;66669;ARLINDO
655;0;ARLINE
157;53520;ARMANDO
2828;0;ARMELINDA
8936;46;ARMINDA
236;80612;ARNALDO
0;7728;ARNO
52;22548;AROLDO
986;125788;ARTHUR
975;131972;ARTUR
68;6517;ARY
76;0;ARYADNA
90;12642;ASSIS
26;0;ASSUNCION
939;0;ASTA
1364;0;ASTROGILDA
0;2518;ASTROGILDO
483;13165;ATAIDE
0;282;ATAMIR
0;5193;ATILIO
195;0;AUCILEIDE
768;0;AUDA
52;223;AUDI
630;0;AUDINEIA
63;28;AUDRE
1775;277;AUDREY
16615;95;AUGUSTA
505;104672;AUGUSTO
0;34;AULIO
2042;0;AURA
36052;91;AUREA
4350;23;AURELIA
72;19470;AURELIO
2786;113;AURENI
23;4317;AUREO
6857;23;AURICELIA
133;0;AURILENI
3497;0;AURINEIDE
19818;51;AURORA
1170;77;AUZENIR
5003;381;AVANI
677;57;AVANY
21;0;AVELAINE
5079;27;AVELINA
38;14165;AVELINO
105;0;AVENINA
20;1647;AXEL
0;3526;AYRTON
616;22;AYSLA
437;0;AYUMI
0;1086;AZARIAS
85;0;AZIZE
22;0;AZUCENA
7159;31;BALBINA
0;6339;BALTAZAR
170703;639;BARBARA
1184;0;BARTIRA
0;5217;BASILIO
26;0;BATIRA
1336;0;BEATRICE
28622;120;BEATRIS
354980;1371;BEATRIZ
81;42;BELAIR
928;0;BELINA
191;0;BELKIS
249;0;BELLA
0;5369;BELMIRO
128317;533;BENEDITA
701;213323;BENEDITO
0;1879;BENHUR
1947;57;BENILDE
0;665;BENONE
25;757;BENONI
7425;32;BENTA
79;20274;BENTO
3760;0;BENVINDA
24150;103;BERENICE
36023;188;BERNADETE
498;0;BERNADETH
212;0;BERNADETTE
5082;22;BERNARDETE
49;0;BERNARDETH
2973;0;BERNARDINA
348;56545;BERNARDO
19442;58;BETANIA
1779;0;BETHANIA
5250;0;BETINA
232855;860;BIANCA
3596;0;BIBIANA
0;1944;BOLIVAR
0;3266;BONIFACIO
0;759;BORIS
2549;0;BRANCA
69;0;BRANDALI
0;767;BRASILIO
441;0;BRAULIA
0;2829;BRAULINO
21;7704;BRAULIO
120624;627;BRENDA
30;3239;BRENNO
944;111653;BRENO
64;0;BRIANNA
6596;23;BRIGIDA
460770;2778;BRUNA
2959;0;BRUNNA
4946;663271;BRUNO
833;0;BYANCA
42;0;CACIARA
12901;33;CACILDA
1876;225902;CAIO
469851;1708;CAMILA
51746;254;CAMILE
10422;33;CAMILLA
7321;58;CAMILLE
7543;35;CAMILLY
764;0;CANDICE
18875;62;CANDIDA
218;43;CARI
264;0;CARIME
1069;34;CARIN
63313;242;CARINA
39540;179;CARINE
325334;1350;CARLA
6070;1483121;CARLOS
70;0;CARMELENE
6066;0;CARMELINA
38403;98;CARMELITA
0;1863;CARMELITO
1421;0;CARMELUCIA
78651;260;CARMEM
56433;172;CARMEN
443;4568;CARMO
23025;436;CAROL
190497;724;CAROLINA
212706;942;CAROLINE
221;0;CAROLLINA
895;0;CAROLLINE
2783;0;CASILDA
4523;0;CASSANDRA
67625;276;CASSIA
7695;42;CASSIANA
13975;104;CASSIANE
294;0;CASSIANI
214;21875;CASSIANO
0;2739;CASSIMIRO
315;53183;CASSIO
0;1188;CASSIUS
1300;0;CASTURINA
61659;206;CATARINA
478;0;CATERINA
424;0;CATHARINE
1716;0;CATHERINE
293;0;CATHIA
22;0;CATHYA
67451;164;CATIA
11821;42;CATIANE
61;0;CATILANE
950;0;CATIUCIA
3296;36;CAUANA
239;26306;CAUE
104228;269;CECILIA
186;0;CEIA
1212;0;CEILA
954;0;CELENA
2515;0;CELENE
621;24;CELENI
287;0;CELENIR
12166;818;CELESTE
12453;639;CELI
184096;420;CELIA
1503;0;CELIANA
5885;26;CELIANE
48001;126;CELINA
66;0;CELINY
291;74693;CELIO
237;0;CELIRIA
6581;22;CELITA
31707;91;CELMA
596;35;CELONI
349;130837;CELSO
23;6545;CELSON
2196;131;CENI
7012;0;CENIRA
60;0;CEONI
1460;32;CERES
1185;73;CERLI
580;118354;CESAR
22;4529;CESARIO
120;21165;CEZAR
7430;54;CHAIANE
139;300;CHANG
9990;68;CHARLENE
429;72715;CHARLES
40;179;CHARLI
13629;37;CHEILA
73;0;CHELLY
245;0;CHEYLA
1347;0;CHIARA
5928;109;CHIRLEI
3150;59;CHIRLEY
230;152;CHRIS
266;11197;CHRISTIAN
4825;0;CHRISTIANE
435;0;CHRISTIANNE
0;1705;CHRISTIANO
1417;0;CHRISTINA
961;0;CHRISTINE
21;2698;CHRISTOPHER
0;23;CHRYSTIAM
115;0;CHRYSTIANE
34;56;CHU
1055;0;CIANE
33209;123;CIBELE
4294;0;CIBELI
1661;0;CIBELLE
805;0;CIBELY
916;247711;CICERO
2317;0;CICILIA
33;0;CICLENE
145;3767;CIDINEI
20612;50;CILENE
128;0;CILIANA
1412;0;CILMARA
0;753;CILSO
277;0;CIMEIA
7100;0;CINARA
424;0;CINDIA
3116;0;CINDY
134;0;CINEZIA
2687;0;CINIRA
12908;35;CINTHIA
1593;0;CINTHYA
131533;408;CINTIA
1313;0;CINTYA
0;462;CINVAL
339;0;CIOMARA
1045;20;CIRCE
4277;61;CIRENE
0;4104;CIRILO
0;1565;CIRINEU
7241;920;CIRLEI
16570;40;CIRLENE
55;13880;CIRO
0;36;CIRUS
10656;4312;CLAIR
82626;310;CLARA
32;0;CLAREANE
1769;379;CLARI
799;0;CLARIANE
73418;223;CLARICE
7926;25;CLARINDA
13596;37;CLARISSA
1072;0;CLARITA
206;0;CLARIZA
2526;0;CLAUCIA
1115;8661;CLAUDECIR
300;51279;CLAUDEMIR
0;3092;CLAUDEMIRO
10020;108;CLAUDENICE
56;0;CLAUDENILCE
61804;329;CLAUDETE
136;0;CLAUDETH
232;0;CLAUDETTE
358175;1319;CLAUDIA
24655;192;CLAUDIANE
923;25;CLAUDICE
2160;0;CLAUDICEIA
157;0;CLAUDILENA
7798;56;CLAUDILENE
717;0;CLAUDIMARA
0;1143;CLAUDIMIRO
1438;682;CLAUDINE
1148;0;CLAUDINEA
1199;74264;CLAUDINEI
31448;99;CLAUDINEIA
64;0;CLAUDINELI
4737;54;CLAUDINETE
0;25;CLAUDINIS
0;1088;CLAUDINOR
1603;350428;CLAUDIO
0;2857;CLAUDIOMIR
20;1743;CLAUDIONEI
24;707;CLAUDIONIR
71;24125;CLAUDIONOR
1851;0;CLAUDIRENE
0;60;CLAUSON
119;0;CLAUTIDES
62;13755;CLAYTON
7925;23;CLEA
523;102878;CLEBER
99;19917;CLEBERSON
7811;138;CLECI
649;668;CLEDIR
24310;60;CLEIA
105492;881;CLEIDE
255;0;CLEIDEMARA
123;23;CLEIDENIR
1908;95;CLEIDI
3212;0;CLEIDIANA
1393;0;CLEIDINEIA
24;0;CLEILI
139;0;CLEIMARA
0;156;CLEINTON
148;0;CLEIRI
2439;67;CLEISE
89;13663;CLEISON
748;128738;CLEITON
536;0;CLEIVA
11389;29;CLELIA
745;26;CLEMAIR
5613;21;CLEMENCIA
79;10482;CLEMENTE
12674;40;CLEMILDA
25;4146;CLEMILSON
68;0;CLEMINDA
257;687;CLEMIR
1533;0;CLENICE
29;0;CLENIZE
353;89;CLEOCI
774;0;CLEODETE
2916;10148;CLEOMAR
1268;0;CLEOMARA
991;2094;CLEONE
30;177;CLEONEI
1347;703;CLEONI
90779;310;CLEONICE
2194;0;CLEONILDA
0;772;CLEONILSON
1130;1182;CLEONIR
202;0;CLEONIRA
37;419;CLEOSMAR
142;38;CLER
1025;191;CLERI
5841;0;CLERIA
36;0;CLERITA
45;11004;CLESIO
0;270;CLEUCIO
1342;1111;CLEUDIMAR
36;0;CLEUDITE
76;0;CLEUMIRA
13844;44;CLEUNICE
0;21;CLEUNILTON
76538;156;CLEUSA
277;0;CLEUSENI
49893;112;CLEUZA
183;0;CLEUZI
250;71;CLEUZIMAR
37;2153;CLEVER
78;18995;CLEVERSON
0;141;CLEVERSSON
224;0;CLEYCE
56;9629;CLEYTON
3661;0;CLICIA
0;75;CLODEMIR
66;25102;CLODOALDO
0;1869;CLODOMIRO
342;0;CLONICE
9103;86;CLOTILDE
101;48260;CLOVIS
102585;1537;CONCEICAO
5400;66;CONSUELO
885;0;CORA
137;0;CORINE
0;39;CORNELIS
196;0;CRECIA
1038;0;CREUNICE
24781;60;CREUSA
170;0;CREUZELI
33;0;CRHISTINA
3138;1130;CRIS
145;0;CRISCIELE
24517;90;CRISLAINE
1528;0;CRISLAYNE
1373;536;CRISLEI
4132;0;CRISLENE
0;78;CRISTHIAM
64;2835;CRISTHIAN
797;0;CRISTHIANE
24;0;CRISTHYANE
102;3038;CRISTIAM
2667;77504;CRISTIAN
39704;251;CRISTIANA
327248;1542;CRISTIANE
4430;115;CRISTIANI
543;0;CRISTIANNE
1507;194300;CRISTIANO
583;0;CRISTIANY
5962;33;CRISTIELE
192208;490;CRISTINA
9735;51;CRISTINE
41;12675;CRISTOVAO
0;87;CRIZANTO
127;0;CRYSTIANE
0;42;CRYSTIANO
547;0;CYBELE
77;0;CYBELI
516;0;CYBELLE
125;0;CYLENE
4836;0;CYNTHIA
2475;0;CYNTIA
0;1077;CYRO
65;0;DAEANE
9449;1396;DAGMAR
73147;238;DAIANA
243820;1009;DAIANE
4531;0;DAIANI
754;0;DAIANNE
188;37;DAILI
840;2026;DAIR
1965;0;DAISA
7864;37;DAISE
689;0;DAISI
4917;27;DAISY
1951;1226;DALCI
93;0;DALCIA
499;0;DALICE
27549;101;DALILA
156;638;DALMI
303;0;DALTIVA
45;8756;DALTON
481;0;DALUZ
83485;330;DALVA
514;0;DALVANICE
8437;30;DALVINA
0;1676;DALVINO
0;1650;DALVO
0;39;DALZIR
7409;131;DAMARES
9407;120;DAMARIS
0;2321;DAMASIO
48290;174;DAMIANA
612;0;DAMILA
67;0;DANARA
1295;27;DANIANE
4811;706527;DANIEL
302915;1395;DANIELA
251469;2052;DANIELE
42152;531;DANIELI
8152;27;DANIELLA
35814;178;DANIELLE
4632;29;DANIELLI
7203;26;DANIELLY
5422;41;DANIELY
1474;231855;DANILO
71;0;DANIZA
112;0;DANNIELY
23;4339;DANTE
11218;37;DANUBIA
2787;0;DANUSA
929;0;DANUSIA
1863;0;DANUZA
394;0;DANYELE
918;0;DANYELLE
75;0;DARACI
20941;42379;DARCI
540;0;DARCIA
550;0;DARCIANE
858;0;DARCILIA
4308;4428;DARCY
3468;25;DARIANE
27;0;DARIANNE
252;0;DARIENE
0;783;DARIL
145;0;DARINE
95;30938;DARIO
172;98;DARK
273;25149;DARLAN
20456;107;DARLENE
0;1607;DARLON
40;0;DAUGIZA
1888;254088;DAVI
540;0;DAVIANE
1150;173807;DAVID
6067;0;DAVINA
11745;27;DAYANA
37577;141;DAYANE
2788;0;DAYANNE
10687;28;DAYSE
416;0;DAYSI
1792;0;DEA
47;0;DEBBIE
312839;1108;DEBORA
10353;28;DEBORAH
41;16947;DECIO
66902;291;DEISE
215;0;DEISEMAR
3026;0;DEISI
11214;42;DEISIANE
374;0;DEISILANE
2286;0;DEISY
3827;0;DEIZE
257;0;DEIZI
232;8596;DEJAIR
18956;55;DEJANIRA
29;0;DEJANY
1618;40;DELAINE
1499;788;DELAIR
922;114;DELANE
708;0;DELBA
638;0;DELCILENE
104;0;DELENIR
1164;1830;DELI
3312;0;DELIANE
1208;0;DELINA
284;227;DELIR
202;0;DELIRA
39;0;DELIRDES
410;0;DELISE
16112;90;DELMA
224;5553;DELMAR
412;0;DELMARA
4275;0;DELMIRA
0;1187;DELSO
0;196;DELVANIO
27;0;DEMERCILIA
24;6230;DEMETRIO
0;57;DEMEVALDO
0;2851;DEMILSON
1920;167;DENAIR
1432;1893;DENI
1697;45;DENIA
2753;0;DENILDA
846;21;DENILSE
378;74095;DENILSON
3305;0;DENILZA
1729;1660;DENIR
1333;75029;DENIS
168666;649;DENISE
123;0;DENISIANE
0;3196;DENIVAL
0;6111;DENIVALDO
265;974;DENIZ
15404;68;DENIZE
0;890;DENNYS
44;0;DEOCLEIA
360;166;DEODETE
0;1637;DEOLINDO
0;366;DEONILDO
0;110;DERCEU
3361;2594;DERCI
251;0;DERLINDA
0;1945;DERMEVAL
1239;0;DESIRE
2173;0;DESIREE
917;0;DESIRRE
6783;23;DEUSA
2656;11832;DEUSDETE
254;88;DEUSI
35;0;DEUZELENE
399;0;DEUZELIA
434;6630;DEVAIR
975;848;DEVANI
2676;8622;DEVANIR
7736;31;DEYSE
74684;263;DIANA
13499;87;DIANE
226;31;DIANES
528;0;DIANI
310;0;DICLEIA
33;0;DICLEIDE
2455;421973;DIEGO
4992;168;DIENE
123;0;DIENEFFER
512;127;DILAIR
4913;46;DILCE
4126;24;DILENE
1753;0;DILETA
40479;153;DILMA
479;3450;DILMAR
1347;0;DILMARA
34;0;DILOA
53;282;DILOMAR
64;18398;DILSON
538;0;DILVANA
0;70;DILVANO
103;0;DILVETE
7689;0;DILZA
128;0;DILZE
176;18566;DIMAS
116;0;DIMEIA
17363;86;DINA
529;78;DINACIR
132;0;DINAELE
2029;0;DINAH
38;0;DINALCI
14267;46;DINALVA
21;2247;DINARTE
652;0;DINAURA
166;0;DINEFER
2833;0;DINEIA
0;160;DINOR
94;12125;DIOGENES
872;155247;DIOGO
1279;0;DIOMARA
873;0;DIONARA
11682;18708;DIONE
3631;0;DIONEIA
1341;36;DIONETE
5665;26;DIONISIA
69;19373;DIONISIO
2322;0;DIONIZIA
3183;22;DIOVANA
56701;347;DIRCE
287;0;DIRCEA
1522;0;DIRCEIA
89;0;DIRCELEI
1197;0;DIRCELIA
106;42446;DIRCEU
154;0;DIRCIANE
307;0;DIRCINEIA
57;0;DIRLEA
3126;3839;DIRLEI
6801;29;DIRLENE
235;0;DIRLETE
327;0;DIRMA
108;0;DIUCEIA
39353;201;DIVA
0;94;DIVALDIR
0;5304;DIVALDO
1024;0;DIVANEIDE
2513;833;DIVANIR
610;0;DIVANIRA
41065;119;DIVINA
0;791;DIVO
211;20;DIVONE
703;0;DIVONETE
0;436;DIVONSIR
0;575;DIVONZIR
116;436;DJACI
635;31185;DJALMA
28;0;DJANANI
7454;21;DJANIRA
416;0;DJENANE
41;21;DOELI
158;0;DOLARINA
20315;133;DOLORES
5673;0;DOMINGA
36742;186;DOMINGAS
329;125252;DOMINGOS
4861;862;DOMINIQUE
0;6199;DONATO
1543;37290;DONIZETE
26;812;DONIZETTI
12627;52;DORA
20224;1888;DORACI
625;0;DORACINA
33110;106;DORALICE
4088;0;DORALINA
73;0;DORAMI
262;0;DORANICE
942;0;DORCA
1593;27;DORCAS
154;427;DORI
818;0;DORIANA
1571;0;DORILDA
5162;99;DORIS
59;29947;DORIVAL
115;0;DORLENE
1275;773;DORLI
29;0;DORONICE
636;0;DOROTEA
4772;21;DOROTEIA
3631;28;DOROTI
7424;54;DORVALINA
1618;264889;DOUGLAS
6385;46;DRIELE
180;0;DRIELEN
1262;0;DRIELLE
1606;0;DRIELLY
37;1603;DUARTE
32141;93;DULCE
547;0;DULCELENE
285;0;DULCELI
1533;0;DULCELINA
542;80;DULCEMAR
223;0;DULCIANA
317;0;DULCICLEIDE
933;0;DULCILEIA
1719;351;DULCIMAR
22;0;DULCIMERI
19074;42;DULCINEIA
141;0;DULCY
346;0;DUNIA
0;154;DURIVAL
41;17274;DURVAL
101;0;DURVALICE
123;5143;EBER
103;0;ECLEA
380;0;ECLEIA
180;3275;ED
86;0;EDAIANE
0;3904;EDEGAR
29;0;EDELAIR
39;0;EDELCIA
0;1175;EDELCIO
555;94;EDELI
32;0;EDELIS
79;0;EDELISE
0;432;EDELMAR
20;5168;EDELSON
657;0;EDELVIRA
59;7778;EDEMAR
149;3828;EDEMIR
220;2723;EDEN
156;0;EDENEIA
1373;0;EDENICE
472;0;EDENILCE
483;0;EDENILSA
62;16601;EDENILSON
2345;2221;EDENIR
32;0;EDENISA
1155;0;EDENISE
448;73467;EDER
0;346;EDERLEI
295;173;EDERLI
126;32937;EDERSON
23;6529;EDESIO
0;1242;EDEVAL
0;379;EDEVAR
181;46254;EDGAR
0;4589;EDGARD
9064;5542;EDI
12958;102;EDIANE
616;0;EDICARLA
195;0;EDICLEA
4866;0;EDICLEIA
102;0;EDICLEUSA
3781;27;EDILA
22491;97;EDILAINE
2837;134;EDILAMAR
410;0;EDILANA
0;5570;EDILBERTO
1106;36;EDILCE
6465;20;EDILEIA
71690;322;EDILENE
18006;39;EDILEUSA
34653;98;EDILEUZA
15687;49;EDILMA
400;123872;EDILSON
0;3998;EDILTON
7897;0;EDILZA
773;292;EDIMA
1606;33021;EDIMAR
5897;36;EDIMARA
131;46251;EDIMILSON
41963;200;EDINA
0;888;EDINAEL
24236;97;EDINALVA
724;142;EDINE
789;0;EDINEA
1297;14560;EDINEI
24021;75;EDINEIA
10377;87;EDINEIDE
724;0;EDINICE
623;330;EDINIR
6405;6294;EDIR
226;0;EDIRLEIA
848;0;EDIRLENE
130;34797;EDISON
597;0;EDIT
50551;221;EDITE
7983;34;EDITH
25;4731;EDIVAL
284;81446;EDIVALDO
1788;245;EDIVANE
248;0;EDIVANEA
25120;151;EDIVANIA
17056;245;EDJANE
3006;0;EDLA
31;0;EDLE
6183;0;EDLEUZA
2571;147;EDMA
1744;47366;EDMAR
5143;27;EDMARA
131;22;EDMARI
1091;0;EDMEA
3030;0;EDMEIA
263;93251;EDMILSON
87;2358;EDMIR
0;906;EDMUR
199053;559;EDNA
24421;74;EDNALVA
1425;0;EDNEA
1050;12319;EDNEI
19470;59;EDNEIA
102;58;EDNEIS
48;10557;EDNILSON
1372;430171;EDSON
150633;1666;EDUARDA
4125;628539;EDUARDO
0;79;EDUILIO
492;26;EDUVIRGES
0;4638;EDVAL
326;114305;EDVALDO
0;938;EDVILSON
0;178;EDVIN
0;1790;EDWARD
1597;1341;EDY
90;0;EDYLAINE
19117;70;EFIGENIA
22;2340;EFRAIN
177;56;EGLAIR
26;0;EINY
505;54;ELADIR
607;0;ELAENE
81;24;ELAIN
256433;640;ELAINE
791;0;ELAINI
423;0;ELAINY
1077;527;ELAIR
2680;40;ELANI
533;0;ELANY
2636;0;ELAYNE
5201;1821;ELCI
68;0;ELCINDA
66;21338;ELCIO
10175;76;ELDA
162;172;ELDENIR
175;22512;ELDER
383;239;ELDI
78;0;ELDIMA
0;991;ELDON
319;0;ELEANA
1014;0;ELEANDRA
23;5905;ELEANDRO
769;0;ELEANE
60039;450;ELEN
39992;109;ELENA
138;46;ELENAI
10935;129;ELENI
46388;134;ELENICE
1113;25;ELENILCE
11094;45;ELENILDA
21;3860;ELENILTON
16484;532;ELENIR
2635;0;ELENISE
15645;32;ELENITA
1114;0;ELENIZE
736;0;ELENY
133;82;ELEONI
83;0;ELEONITA
1312;188;ELEONOR
4666;0;ELEONORA
2773;0;ELESSANDRA
3916;0;ELEUZA
0;91;ELEVIR
0;183;ELEZER
18046;26035;ELI
1092;95;ELIAMAR
181533;388;ELIANA
4621;20;ELIANDRA
342361;807;ELIANE
4488;0;ELIANI
1387;189315;ELIAS
200;0;ELIBIA
761;0;ELICIANE
0;1267;ELICIO
19160;39;ELIDA
305;40;ELIDES
184;0;ELIDETE
6705;0;ELIDIA
314;0;ELIEDA
1754;25;ELIEGE
215;27256;ELIEL
4852;26;ELIELMA
2572;1499;ELIENAI
75755;372;ELIENE
73;0;ELIENNE
70159;274;ELIETE
76;0;ELIETY
313;19302;ELIEZER
64;26;ELIFELETE
36;0;ELIMARE
4694;0;ELINA
10249;68;ELINE
409;515;ELINEI
2164;0;ELINEIA
4423;0;ELINETE
122;37694;ELIO
840;10591;ELIOMAR
25;0;ELIRIAN
20618;2352;ELIS
54697;170;ELISA
2466;0;ELISABET
70290;170;ELISABETE
22023;57;ELISABETH
2198;0;ELISABETHE
224;0;ELISAINE
5672;60;ELISAMA
743;0;ELISAMARA
20402;80;ELISANDRA
3763;23;ELISANE
146957;329;ELISANGELA
2280;113;ELISE
21775;80;ELISETE
141;32986;ELISEU
4043;0;ELISIA
815;0;ELISIANA
10228;21;ELISIANE
143;0;ELISIE
1160;0;ELISMARA
8102;30;ELISSANDRA
8131;25;ELITA
0;1082;ELITO
95;103;ELIUD
1762;99;ELIZ
33639;119;ELIZA
5124;22;ELIZABET
123594;285;ELIZABETE
54504;107;ELIZABETH
5897;0;ELIZABETHE
5010;0;ELIZABETI
913;103;ELIZAMAR
690;0;ELIZAMARA
1938;0;ELIZANA
16631;66;ELIZANDRA
4699;36;ELIZANE
88505;227;ELIZANGELA
1446;0;ELIZANIA
903;104;ELIZE
39;0;ELIZELI
58849;235;ELIZETE
1568;0;ELIZETH
162;32517;ELIZEU
35;0;ELIZI
3456;0;ELIZIA
9603;33;ELIZIANE
50;0;ELIZIANY
0;2410;ELIZIO
59;0;ELIZIONETE
1261;151;ELKE
44118;223;ELLEN
704;146;ELLY
16214;67;ELMA
133;2217;ELMAR
51;0;ELMARI
18679;150;ELOA
1164;0;ELOANA
2888;15705;ELOI
5288;0;ELOINA
2485;6634;ELOIR
58521;186;ELOISA
6773;60;ELOISE
228;0;ELOITA
13498;55;ELOIZA
63;371;ELOMAR
245;1908;ELOY
17450;54;ELSA
121;33131;ELSON
83;0;ELSY
331;71566;ELTON
1045;0;ELUANA
495;0;ELUANE
88;0;ELUCIENE
39;192;ELUIR
905;0;ELUIZA
0;118;ELVER
52;5954;ELVES
1191;0;ELVIA
1757;0;ELVINA
31046;79;ELVIRA
0;216;ELVO
2837;3066;ELY
21;0;ELYANDRA
130;0;ELYDIA
32;0;ELYSANGELA
141247;354;ELZA
1189;39;ELZENIR
3375;181;ELZI
1141;0;ELZIANE
43;0;ELZIE
1557;0;ELZITA
4339;0;EMA
0;549;EMANNUEL
181;27449;EMANOEL
2688;25;EMANOELA
2864;58;EMANOELE
19738;127;EMANUELA
37734;455;EMANUELE
1615;0;EMANUELLA
10944;70;EMANUELLE
1850;0;EMANUELLI
3395;32;EMANUELY
843;177092;EMERSON
1873;0;EMIDIA
3466;0;EMILENE
56555;367;EMILI
51601;133;EMILIA
42;5093;EMILIANO
90;21312;EMILIO
61969;302;EMILY
316;1877;EMIR
699;0;EMMANUELLE
52;0;EMMELINE
602;54;EMY
751;0;ENAURA
72;5523;ENEAS
15954;32;ENEDINA
7211;0;ENEIDA
31;0;ENEIDI
29;0;ENERGINA
0;1639;ENESIO
21514;897;ENI
7864;24;ENILDA
21;5308;ENILSON
1288;0;ENILZA
74;25048;ENIO
4930;991;ENIR
97;0;ENIZE
3872;133;ENY
1369;0;EONICE
0;2906;EPITACIO
0;57;ERAILTON
85;31463;ERALDO
117;0;ERANICE
150;0;ERANILDE
3150;1569;ERCI
4158;21;ERENICE
345;0;ERENILZA
135;0;ERENISE
3497;0;ERENITA
231088;968;ERICA
0;639;ERICSSON
1693;376;ERIDAN
249;0;ERIETE
910;41511;ERIK
62909;258;ERIKA
757;0;ERILDA
0;2145;ERINEU
134;38544;ERIVALDO
44;0;ERIVANHA
213;1162;ERLEI
74;0;ERLEIA
1067;0;ERLENE
247;0;ERLETE
3964;3384;ERLI
62;0;ERLIETE
6500;0;ERMELINDA
0;586;ERMELINO
0;421;ERMENSON
0;5038;ERMINIO
3878;38;ERNA
99;13990;ERNANDES
117;11367;ERNANI
9306;34;ERNESTINA
56;22006;ERNESTO
77;0;ERNILDE
28;4461;ERON
2702;1319;ERONI
2071;20;ERONICE
1636;2671;ERONILDES
55;2643;EROS
0;161;ERUS
35;0;ERZELI
516;9024;ESDRAS
31;4807;ESEQUIEL
358;0;ESILDA
96;13704;ESMAEL
19769;77;ESMERALDA
38827;116;ESTELA
176;0;ESTELAMARIS
1822;0;ESTELLA
22;0;ESTELY
1324;0;ESTEPHANY
99770;608;ESTER
53;3229;ESTEVAM
100;16321;ESTEVAO
11349;66;ESTHER
27;0;ESTTELA
11454;46;ETELVINA
504;25;ETHEL
75;0;ETLA
1174;425;EUCI
166;0;EUCIMARA
256;26055;EUCLIDES
0;119;EUDISMAR
17038;78;EUGENIA
151;28387;EUGENIO
11287;33;EULALIA
60;0;EULANI
62;597;EUMAR
95648;310;EUNICE
684;0;EUNISE
127;0;EURACI
15577;4878;EURIDES
0;2591;EUSEBIO
5724;0;EUZA
493;0;EUZELIA
160617;422;EVA
131;0;EVALDETE
140;44033;EVALDO
2350;35;EVANDRA
437;120656;EVANDRO
4144;37;EVANEIDE
43;0;EVANESA
507;0;EVANGELA
0;171;EVANGELO
8700;610;EVANI
8314;45;EVANILDA
6128;91;EVANILDE
39;5710;EVANILSON
709;0;EVANILZA
9114;2379;EVANIR
1369;0;EVANIRA
833;0;EVANISE
22;8706;EVARISTO
242;27;EVE
4078;97;EVELI
66167;595;EVELIN
1144;0;EVELINA
9385;44;EVELINE
2632;0;EVELISE
1181;0;EVELIZE
2296;0;EVELLIN
6782;47;EVELLYN
29846;201;EVELYN
177;64383;EVERALDO
561;61;EVERLI
74;0;EVERLIM
277;29;EVERLY
160;28646;EVERSON
853;147274;EVERTON
0;641;EVETON
579;0;EVLIN
0;795;EWERSON
66;11147;EWERTON
8467;21;EXPEDITA
87;14460;EZEQUIAS
377;64301;EZEQUIEL
2473;0;EZILDA
20;5802;EZIO
18102;148;FABIA
290538;1372;FABIANA
51491;250;FABIANE
2239;57;FABIANI
1338;157812;FABIANO
513;0;FABIANY
4147;29;FABIELE
361;0;FABIELLE
96;0;FABIELLI
122;0;FABIENNE
2384;545581;FABIO
56394;251;FABIOLA
56394;251;FABIOLA
7412;42;FABIULA
33138;237;FABRICIA
1201;166678;FABRICIO
1602;130;FABRINE
0;1668;FABRIZIO
74;0;FANE
145;0;FARIDA
197512;571;FATIMA
3034;23;FAUSTINA
0;242;FAUZI
129;0;FAVIANE
23;4901;FELICIO
5536;615924;FELIPE
129;19143;FELIX
43;4412;FELLIPE
109;0;FENICIA
531607;3150;FERNANDA
4570;551776;FERNANDO
62;2566;FIDELIS
25;0;FIDES
572;61160;FILIPE
0;197;FILISBERTO
19082;61;FILOMENA
46;8213;FIRMINO
0;35;FLAIR
232838;1066;FLAVIA
17783;89;FLAVIANA
15415;84;FLAVIANE
108;10496;FLAVIANO
1518;265201;FLAVIO
9523;38;FLORA
3568;68;FLORACI
1566;0;FLORIANA
33;9456;FLORIANO
9158;29;FLORINDA
663;68;FLORIPE
4459;156;FLORIPES
2006;0;FLORISA
2893;0;FLORISBELA
3685;0;FLORIZA
779;363;FRANCE
1404;135;FRANCELI
699;26;FRANCELINE
0;2793;FRANCELINO
75;0;FRANCELIZE
352;694;FRANCES
1481;557;FRANCI
19406;96;FRANCIANE
111831;670;FRANCIELE
1144;0;FRANCIELEN
34960;195;FRANCIELI
7246;25;FRANCIELLE
289;0;FRANCIELLEN
2176;0;FRANCIELLI
3563;0;FRANCIELLY
3767;26;FRANCIELY
26;0;FRANCIENNE
20;0;FRANCIESCA
28503;151;FRANCILENE
159;0;FRANCIMARI
864;0;FRANCINARA
23564;612;FRANCINE
2809;52;FRANCINI
83;0;FRANCINNE
912;656;FRANCIONE
2699;7512;FRANCIS
721637;4005;FRANCISCA
7000;1765197;FRANCISCO
3413;29;FRANCISLENE
878;0;FRANCISMARA
33;5174;FRANCO
217;0;FRANCYELE
368;0;FRANCYELLE
125;172;FRANCYS
97;16133;FRANKLIN
152;36669;FREDERICO
676;0;FULVIA
0;1443;FULVIO
9705;922744;GABRIEL
378807;2843;GABRIELA
122545;2203;GABRIELE
13740;67;GABRIELLA
8887;111;GABRIELY
705;56082;GEAN
38899;413;GEANE
3497;98;GEANI
2921;680;GECI
0;1778;GEFFERSON
44;0;GEICIELLY
23;0;GEILI
9133;167;GEISE
13222;58;GEISIANE
60;7024;GEISON
812;0;GEISY
800;0;GEIZE
329;0;GELCIANE
702;222;GELSI
68;28446;GELSON
219;0;GENARA
7901;3396;GENECI
463;264;GENECY
59496;891;GENI
2392;41;GENICE
821;26;GENILCE
19416;84;GENILDA
155;32822;GENILSON
0;3621;GENILTON
150;42489;GENIVALDO
489;0;GENNIFER
498;0;GENOEFA
472;0;GENTILA
4678;85;GENY
251;35988;GEORGE
121;0;GEORGETTE
8488;57;GEORGIA
602;0;GEORGIANA
9324;30;GEORGINA
144641;1012;GEOVANA
2665;65435;GEOVANE
1423;35484;GEOVANI
91752;536;GERALDA
11748;50;GERALDINA
258;0;GERALDINE
27;5210;GERALDINO
977;339380;GERALDO
1091;0;GERARDA
4567;0;GERCINA
1142;0;GERDA
0;215;GERENALDO
2083;27;GERLAINE
5941;46;GERMANA
67;15465;GERMANO
637;611;GERSI
232;86624;GERSON
5917;115;GERTRUDES
9918;0;GERUSA
6001;0;GERUZA
0;5727;GERVASIO
40;571;GESE
32;0;GESELY
4297;28;GESIANE
1183;0;GESLAINE
226;4637;GESSE
23;0;GESSENI
7785;1906;GESSI
357;0;GESSIANA
61002;297;GESSICA
956;0;GESSIKA
1834;553;GESSY
66;26912;GETULIO
1820;0;GEYSA
1098;0;GEYSE
139;0;GHISLAINE
123;8801;GIAN
0;1706;GIANCARLO
7141;126;GIANE
1131;105;GIANI
109;0;GIANNY
0;199;GIBRAIL
315;0;GIGLIOLA
516;9158;GIL
530;212736;GILBERTO
2506;0;GILCELIA
30;0;GILCELLI
30258;102;GILDA
0;1731;GILDEON
19380;746;GILDETE
36;18551;GILDO
2562;0;GILIANE
20;3425;GILIARD
20;0;GILLAINE
818;159693;GILMAR
32584;200;GILMARA
69;4827;GILNEI
0;431;GILNEY
3018;0;GILSA
871;49;GILSE
109;0;GILSEANE
491;0;GILSEIA
375;0;GILSIMARA
416;144341;GILSON
214;0;GILSSARA
7612;63;GILVANETE
4682;20;GINA
0;2371;GINO
0;71;GINOEL
562;0;GIOCONDA
1134;0;GIORDANA
874;0;GIORGIA
0;832;GIORGIO
106738;586;GIOVANA
0;132;GIOVANDO
1085;25898;GIOVANE
875;30969;GIOVANI
37277;161;GIOVANNA
173;8151;GIOVANNI
80;0;GISEANE
9098;25;GISELA
8630;27;GISELDA
164780;563;GISELE
20969;87;GISELI
7930;0;GISELIA
9515;0;GISELLE
1214;0;GISELLI
2011;0;GISELMA
2537;0;GISELY
373;0;GISIELE
62587;223;GISLAINE
10185;58;GISLANE
400;0;GISLANI
1192;0;GISLAYNE
3076;0;GISLEINE
30652;124;GISLENE
27;0;GISLLAINE
5443;41;GIULIANA
1283;29;GIULIANE
443;0;GIULIANNA
30;5832;GIULIANO
283;0;GIULLIANA
6433;28;GIZELE
1639;0;GIZELI
909;0;GIZELLE
182;0;GIZELLI
288;0;GIZELY
308;0;GIZEUDA
5013;75;GLACI
249;0;GLACIELI
446;142;GLACIR
710;0;GLACY
5359;49;GLADIS
106;0;GLADS
3579;43;GLAUCE
49022;161;GLAUCIA
291;0;GLAUCIMARA
61;8754;GLAUCIO
51;98;GLAUCIR
45;9863;GLAUCO
502;0;GLAZIELE
127;185;GLEIBE
29767;300;GLEICE
20219;112;GLEICIANE
161;0;GLEICIELLE
853;0;GLEICILENE
0;421;GLEICON
1755;0;GLEICY
4479;83;GLEISE
0;212;GLEVERSON
262;0;GLICELIA
46611;163;GLORIA
1236;0;GLORINHA
135;0;GORET
9852;47;GORETE
16433;66;GRACA
5574;31;GRACE
1825;129;GRACI
1625;63;GRACIA
3022;0;GRACIANA
7085;65;GRACIANE
12136;30;GRACIELA
28027;113;GRACIELE
6499;27;GRACIELI
2038;0;GRACIELLE
78;0;GRACIETTE
8481;29;GRACILENE
1016;206;GRACIMAR
168;0;GRACIMEIRE
1115;28;GRACY
9666;40;GRASIELA
13547;54;GRASIELE
3950;22;GRASIELI
40710;123;GRAZIELA
46991;190;GRAZIELE
11595;39;GRAZIELI
2133;0;GRAZIELLA
5622;0;GRAZIELLE
47;0;GRAZIELLEN
1327;0;GRAZIELLI
2168;0;GRAZIELLY
892;0;GRECIA
51;10710;GREGORIO
18473;156;GREICE
1604;0;GREICI
2622;0;GREICIANE
62;0;GREICIELLY
1510;0;GREICY
89;0;GREYCY
279;0;GUACIARA
1086;0;GUACIRA
666;2821;GUARACI
545;0;GUIDA
0;6947;GUIDO
3973;525028;GUILHERME
9517;90;GUILHERMINA
20026;1479;GUIOMAR
0;4364;GUMERCINDO
3882;537598;GUSTAVO
28;7347;GUTEMBERG
1398;21;HAIDE
282;0;HALINA
0;26;HAMILCA
45;20023;HAMILTON
2883;40;HANA
71;0;HANAKO
30;0;HANDIARA
22;11705;HAROLDO
1483;0;HAYDEE
61;0;HAYKA
107;5228;HEBER
0;709;HEBERSON
88;12777;HEBERT
0;1461;HEDER
1128;38;HEDI
26;1146;HEIDER
540;35;HEIDY
257;36495;HEITOR
4121;0;HELAINE
24;0;HELAINNE
148;0;HELCIA
0;3881;HELCIO
63;13248;HELDER
28;0;HELEIA
5392;39;HELEM
38043;234;HELEN
197065;526;HELENA
1538;24;HELENI
9541;30;HELENICE
4451;0;HELENITA
77;17922;HELENO
3471;0;HELGA
12050;59;HELIA
2038;0;HELIANE
3263;0;HELIDA
760;0;HELIENE
596;0;HELIETE
387;137138;HELIO
60;1304;HELIOMAR
177;0;HELLE
21734;121;HELLEN
60;0;HELLYN
0;36;HELOAN
59109;152;HELOISA
4133;0;HELOISE
5261;20;HELOIZA
111;0;HELONEIDA
50;10865;HELTON
46;0;HELUANA
390;0;HELVIA
27;0;HELYN
187;0;HELZA
21;3264;HEMERSON
0;1179;HENDERSON
0;45;HENILTON
0;880;HENIO
260;0;HENRIETE
20;0;HENRIETT
1421;227297;HENRIQUE
1986;0;HENRIQUETA
69;6675;HENRY
0;5772;HERALDO
3121;0;HERCILIA
5821;0;HERICA
24;2626;HERICK
0;660;HERIVELTO
0;908;HERIVELTON
0;732;HERMAN
45;12800;HERMES
0;5179;HERMINIO
0;2881;HERON
0;79;HERONDI
1416;0;HERONDINA
174;0;HEVELLIN
790;0;HEVELYN
0;3484;HEVERTON
0;700;HIDEO
0;470;HIDERALDO
0;28;HIDETO
189;22236;HIGOR
55;0;HILANE
46291;112;HILDA
250;72;HILDE
43;0;HILDERLENE
0;3731;HILDO
45;12508;HILTON
0;854;HIRAN
0;44;HITAMAR
0;197;HITOSHI
0;6147;HOMERO
0;3235;HONORIO
0;6926;HORACIO
6459;29;HORTENCIA
12095;173;HOSANA
2705;43;HOZANA
119;22968;HUDSON
546;100685;HUGO
1184;0;HULDA
254;32;HULLY
143;46079;HUMBERTO
94418;309;IARA
386;0;IASCARA
132;0;IASKARA
0;1242;IBSON
371;0;ICLEA
11784;42;IDA
112;504;IDACIR
419;0;IDALETE
22678;62;IDALINA
40;0;IDALZIRA
145;203;IDANIR
41;113;IDEAN
2897;0;IDELMA
42;1739;IDEMAR
120;0;IDENISE
0;1195;IDERALDO
0;692;IDEVAL
0;1296;IDEVALDO
359;0;IDIANA
363;0;IDILIA
70;0;IDIMARA
475;0;IDINEIA
0;49;IDINILSON
28707;59;IEDA
1910;264732;IGOR
326;204;ILAIR
7488;41;ILANA
107;0;ILANIR
0;7745;ILARIO
123;0;ILCEIA
39;0;ILCLEIA
76368;194;ILDA
99;0;ILDAMARA
46;0;ILDEANA
0;1562;ILDEBRANDO
0;1931;ILDEFONSO
0;20;ILDERALDO
5791;99;ILDETE
33;9949;ILDO
698;0;ILENA
708;0;ILIANA
147;0;ILISANGELA
31613;109;ILMA
378;2669;ILMAR
114;182;ILOI
743;28;ILONI
5509;20;ILSA
4971;42;ILSE
20;0;ILSELENE
22;0;ILSEMARA
32;14046;ILSON
34;252;ILTAMAR
30;13012;ILTON
28298;60;ILZA
1366;0;ILZE
792;0;ILZETE
128;27;IMA
16292;56;INACIA
113;23;INADIR
1246;29;INAE
737;0;INAIA
1915;0;INAJARA
6496;22;INARA
140;0;INAYA
535;0;INDIA
38;0;INDIAMAR
1347;0;INDIAMARA
5376;0;INDIANARA
4033;0;INDIARA
47;0;INDIOARA
1645;0;INDIRA
1137;0;INEIDE
1657;0;INEIS
85322;264;INES
6653;27;INEZ
102491;468;INGRID
501;0;INGRIT
54261;162;IOLANDA
865;0;IOLENE
467;0;IOMARA
1736;41;IONA
30911;501;IONE
1675;0;IONETE
1536;86;IONI
4415;0;IONICE
87953;192;IRACEMA
86816;3986;IRACI
5685;277;IRACY
4215;165;IRAIDES
71;705;IRAJA
596;15357;IRAN
167;229;IRANEI
3141;0;IRANETE
35651;3892;IRANI
0;815;IRAPUAN
22;0;IRAQUEL
906;0;IRASEMA
204;0;IRCE
136808;688;IRENE
0;28;IRENEI
8611;230;IRENI
878;0;IRENILDES
6719;698;IRES
10533;38;IRIA
732;193;IRIAN
4420;0;IRINEIA
1530;0;IRINEIDE
93;32555;IRINEU
0;2343;IRIO
46582;3646;IRIS
5666;1841;IRISMAR
248;0;IRLANI
21901;74;IRMA
1869;687;IRONI
238919;735;ISABEL
216161;723;ISABELA
66609;259;ISABELE
36295;101;ISABELLA
21071;73;ISABELLE
299;36705;ISAC
551;78418;ISAIAS
553;0;ISALETE
843;0;ISALINA
330;34856;ISAQUE
0;424;ISAQUEU
37175;103;ISAURA
72;0;ISIDRA
20197;126;ISIS
3845;0;ISLAINE
346;288;ISLEY
462;78951;ISMAEL
3298;0;ISMENIA
3227;0;ISOLDE
640;93685;ISRAEL
285;0;ITACIARA
171;0;ITACIRA
38;0;ITALANEI
709;96108;ITALO
1609;42971;ITAMAR
6910;62;ITAMARA
35;0;IURIA
9476;1556;IVA
0;231;IVAIL
313;8986;IVAIR
1080;59;IVALDETE
656;0;IVALDINA
1006;130228;IVAN
24145;67;IVANA
2220;0;IVANDA
287;0;IVANDINA
520;0;IVANDRA
3215;203;IVANE
0;60;IVANEL
38678;117;IVANETE
42196;2132;IVANI
14142;29;IVANIA
1288;1975;IVANIL
35718;133;IVANILDA
27214;302;IVANILDE
22035;7356;IVANIR
3392;0;IVANIRA
372;0;IVANISA
4636;0;IVANISE
2268;0;IVANIZE
110;39;IVANYR
70;0;IVERLI
47674;132;IVETE
749;0;IVNA
177;62913;IVO
131256;808;IVONE
294;4545;IVONEI
81878;236;IVONETE
1321;45;IVY
68590;195;IZABEL
34860;107;IZABELA
3609;0;IZABELLE
187;9963;IZAEL
29;238;IZAIA
121;18281;IZAIAS
426;0;IZAILDE
276;849;IZAIR
1495;0;IZAIRA
1340;0;IZANETE
0;648;IZAQUEU
14891;35;IZAURA
357;0;IZES
0;1540;IZIDIO
477;0;IZIDORA
7492;20;IZILDA
0;293;IZIQUIEL
34;0;IZOE
602;0;IZOLDE
1143;0;IZOLETE
3070;0;IZOLINA
28;0;IZONEIA
0;250;JABER
0;22;JACEMAR
13309;9029;JACI
29847;97;JACIARA
51;4545;JACIEL
101;0;JACILENA
50;0;JACINDA
13431;45;JACINTA
69;13335;JACINTO
729;140;JACIONE
1958;8624;JACIR
42809;127;JACIRA
929;0;JACIREMA
19214;90;JACKELINE
0;512;JACKES
0;626;JACKS
278;58528;JACKSON
13290;40;JACQUELINE
0;2090;JACQUES
166;30466;JACSON
136;361;JACYR
950;0;JACYRA
432;10168;JADIR
2126;0;JADNA
46;122;JAE
578;81823;JAIME
1162;151241;JAIR
5987;57;JAIRA
262;78445;JAIRO
0;114;JAIROM
15787;74;JAKELINE
601;0;JAKLINE
99;19508;JAKSON
0;118;JALTON
254;19681;JAMES
61886;357;JAMILE
90;3479;JAMIR
210152;679;JANAINA
3584;0;JANAINE
1099;0;JANAYNA
120;74;JANDERLI
56747;164;JANDIRA
75795;1550;JANE
509;0;JANEA
67;0;JANECLER
64;0;JANESLEI
1034;0;JANET
108422;309;JANETE
498;0;JANETTE
4326;490;JANI
28935;97;JANICE
83;0;JANICLER
14859;106;JANIELE
3499;42;JANIELI
888;0;JANILE
12297;74;JANINE
1910;0;JANINI
4605;0;JANIRA
684;0;JANISSE
154;0;JANUA
829;55;JANY
307913;1202;JAQUELINE
270;0;JAQUILINE
116;0;JARDETE
0;44;JARILTON
1451;0;JASMINE
43;3469;JAYME
2708;37;JAYNE
182;0;JAYRA
1878;158198;JEAN
783;0;JEANA
43143;462;JEANE
1698;0;JEANETE
1082;0;JEANINE
2580;0;JEANNE
318;0;JEANNY
689;0;JECINA
30;63;JEDIR
1648;252171;JEFERSON
299;54791;JEFFERSON
0;980;JEFTE
21;3643;JEISON
0;3896;JELSON
1239;644;JENECI
76;132;JENECIR
74;214;JENES
88574;907;JENIFER
16163;154;JENIFFER
146;0;JENNEFFER
26343;214;JENNIFER
1332;0;JENNY
2295;0;JENNYFER
23;0;JEONETE
372;0;JEORGIA
101;16267;JEREMIAS
46;14303;JERONIMO
0;96;JERRISON
48;4840;JERRY
70;17597;JERSON
6440;26;JERUSA
2657;0;JERUZA
2968;22;JESIANE
22984;117;JESICA
42;6389;JESIEL
278;0;JESLAINE
43;0;JESSANE
637;21212;JESSE
781;0;JESSIA
456472;1812;JESSICA
456472;1812;JESSICA
5280;0;JESSIKA
244;0;JESSILDA
2018;33756;JESUS
0;1092;JEZIEL
57;0;JHANY
3280;28;JHENNIFER
1113;0;JHESSICA
142;19258;JHON
28;4925;JHONATHAN
315;0;JHULIE
693;0;JIANE
0;72;JIMMI
1771;0;JIOVANA
60;803;JIOVANE
1711;0;JISLAINE
52;0;JISSELI
281;0;JIZELE
152;9920;JOACIR
63;845;JOACY
268576;1156;JOANA
5530;615;JOANE
40;0;JOANELICE
625;647;JOANI
444;0;JOANIRA
7625;29;JOANITA
12184;2971935;JOAO
563;213941;JOAQUIM
18464;114;JOAQUINA
0;698;JOAREIS
0;759;JOARI
0;318;JOASIR
0;2110;JOB
1238;32;JOCEANE
3520;0;JOCELAINE
182;31;JOCELE
367;284;JOCELEI
128;0;JOCELENA
1216;0;JOCELENE
5931;2429;JOCELI
10760;35;JOCELIA
108;181;JOCELIR
530;0;JOCELITA
478;109;JOCELY
1728;0;JOCEMARA
415;228;JOCENI
245;0;JOCENIRA
6224;56;JOCIANE
36;3658;JOCIEL
3015;65;JOCIELE
1986;54;JOCIENE
391;0;JOCILAINE
10302;77;JOCILENE
74;0;JOCILIANE
553;10173;JOCIMAR
4154;38;JOCIMARA
183;176;JOCY
533;143904;JOEL
0;1911;JOELCIO
1938;665;JOELI
3898;0;JOELIA
143;0;JOELISE
2129;0;JOELITA
291;0;JOELIZA
93488;381;JOELMA
0;21;JOELSION
155;37822;JOELSON
131;118;JOESI
86;19667;JOHN
0;72;JOHNNIE
41;7246;JOHNNY
0;2418;JOHNY
127087;977;JOICE
1520;0;JOICILENE
2081;0;JOICY
89;0;JOKASTA
74;2995;JOMAR
1170;0;JOMARA
1158;163947;JONAS
490;60626;JONATAS
422;57255;JONATHAN
59;8848;JONATHAS
25;0;JONELI
407;0;JONIA
503;57;JONICE
666;50;JOQUEBEDE
46;172;JORCI
20857;121;JORDANA
1376;464573;JORGE
1130;0;JORGIANE
12265;47;JORGINA
0;34;JORLI
441;0;JOSAINE
2243;21;JOSANA
3814;85;JOSANE
22021;5732508;JOSE
22021;5732508;JOSE
65464;605;JOSEANE
45;0;JOSECLEA
418;0;JOSECLEIA
340783;1823;JOSEFA
27873;123;JOSEFINA
6446;41;JOSELAINE
51;0;JOSELEA
173;260;JOSELEI
5134;51;JOSELENE
13218;2533;JOSELI
34335;169;JOSELIA
271;0;JOSELIANE
1547;25;JOSELINE
28;5855;JOSELIO
264;217;JOSELIR
20571;91;JOSELITA
1225;215;JOSELY
691;29258;JOSEMAR
2908;28;JOSEMARA
454;36;JOSEMARI
359;0;JOSEMERE
199;0;JOSEMERI
0;154;JOSEMIL
76;1077;JOSENEI
3154;57;JOSENEIDE
0;219;JOSENEY
2983;1273;JOSENI
36;8574;JOSENILSON
7245;327;JOSETE
5087;555;JOSI
6634;23;JOSIANA
136215;659;JOSIANE
3124;25;JOSIANI
283;56267;JOSIAS
2606;0;JOSICLEIA
227;35519;JOSIEL
14385;185;JOSIELE
5126;81;JOSIELI
452;0;JOSIELLE
95;0;JOSIELLI
8245;139;JOSIENE
3089;0;JOSILAINE
57;0;JOSILAYNE
299;659;JOSILEI
41583;260;JOSILENE
1989;55710;JOSIMAR
7993;82;JOSIMARA
677;32;JOSIMARI
3521;21;JOSIMEIRE
9507;62;JOSINA
2451;0;JOSINEIA
85;0;JOSINES
9587;80;JOSINETE
182;0;JOSIRA
1350;0;JOSIRENE
1518;0;JOSLAINE
298;0;JOSLENE
22;5240;JOSMAR
250;0;JOSMARA
28;0;JOSMARY
0;1896;JOSNEI
0;2502;JOSOE
0;839;JOSOEL
195;0;JOSSANE
186;0;JOSSEANE
116;0;JOSSEMARA
430;91332;JOSUE
46;15037;JOSUEL
2706;79;JOSY
84;0;JOSYANNE
267;1781;JOVANI
16340;89;JOVELINA
329;29;JOVIANE
42083;255;JOYCE
28;0;JOZELY
0;264;JOZEMAR
1937;0;JOZIANE
445;45290;JUAN
3622;0;JUANA
860;0;JUANITA
122;42689;JUAREZ
6075;0;JUCARA
0;92;JUCEIR
367;164;JUCELEI
1682;0;JUCELENE
5171;1140;JUCELI
24674;72;JUCELIA
1260;0;JUCELMA
375;47;JUCELY
198;0;JUCENIRA
6969;40;JUCIANE
11279;38;JUCIARA
4515;92;JUCIELE
759;0;JUCILAINE
884;1019;JUCILEI
4748;0;JUCILEIA
8693;49;JUCILEIDE
120;0;JUCILEINE
30390;115;JUCILENE
151;0;JUCILIANE
1385;6812;JUCIMAR
9930;39;JUCIMARA
249;0;JUCIMARI
78;0;JUCIMARY
3771;0;JUCINEIA
270;66;JUCY
94;0;JUCYARA
475;0;JUDIT
41380;138;JUDITE
6478;28;JUDITH
23;0;JULEANE
47;0;JULENA
3556;367;JULI
430067;1775;JULIA
983;6197;JULIAN
562589;2117;JULIANA
57043;269;JULIANE
2096;75;JULIANI
1069;0;JULIANNA
1107;0;JULIANNE
1139;114597;JULIANO
84;0;JULICEIA
4838;94;JULIE
926;0;JULIELE
1776;334254;JULIO
772;0;JULLIANA
2557;51;JULY
882;0;JULYANA
1489;0;JUMARA
710;111942;JUNIOR
0;53;JUNOT
30030;24957;JURACI
3204;2483;JURACY
40;299;JURAMIR
1216;46522;JURANDIR
28567;81;JUREMA
26;0;JUSCELANE
336;0;JUSCIMARA
24;0;JUSIANI
68658;159;JUSSARA
201;0;JUSSEMARA
443;0;JUSSIANE
1310;0;JUSSIMARA
9334;40;JUSTINA
94;29852;JUVENAL
289;7663;JUVENIL
2533;0;JUVENTINA
345;0;JUVERSINA
491;0;KACIANE
302;35223;KAIO
199;0;KAIZA
20;1433;KALIL
319;0;KALINCA
401;0;KALINKA
216;0;KALYANE
23741;90;KAMILA
4944;29;KAMILE
5230;26;KAMILLA
1830;0;KAMILLE
1023;0;KAMYLLA
10181;54;KAREM
68230;306;KAREN
303;21;KARI
529;144;KARIM
675;0;KARIME
5193;126;KARIN
117498;382;KARINA
69509;266;KARINE
1854;0;KARINI
231;0;KARISE
161;0;KARISSA
40230;128;KARLA
1261;0;KARLIANE
35;0;KARLIN
3981;218;KAROL
25529;94;KAROLINE
345;0;KAROLINNE
227;0;KAROLYNA
2960;0;KAROLYNE
448;0;KARYN
1112;0;KARYNE
265;0;KARYNNE
235;0;KASANDRA
255;0;KASIANE
1549;0;KASSANDRA
9603;34;KASSIA
515;0;KASSIANA
65;0;KATALIN
1984;0;KATE
302;0;KATELYN
1401;0;KATERINE
1162;0;KATHIA
4195;28;KATHLEEN
201;0;KATHRYN
144;0;KATHYA
163299;382;KATIA
5592;0;KATIANA
20323;68;KATIANE
58;0;KATIANNY
2535;0;KATIUCIA
2150;0;KATIUSCIA
165;0;KATIUSKA
329;0;KATIUSSIA
45;0;KATIUZA
1606;0;KATLEN
2409;0;KATRINE
88;0;KATRYNE
999;0;KATY
874;0;KATYA
108;0;KATYUSCIA
5719;54;KAUANA
6298;145;KAUANY
0;905;KAYAN
1042;0;KAYANE
493;29;KAZUE
66407;219;KEILA
1761;0;KEILLA
264;0;KEISSE
498;0;KEISY
1335;71;KEITI
2161;38;KEITY
354;0;KEIZE
1931;23;KELEM
10506;57;KELEN
38310;222;KELI
1710;91;KELIN
309;63;KELIS
4136;29;KELLE
856;0;KELLEM
8953;35;KELLEN
385;398;KELLER
513;0;KELLEY
17246;96;KELLI
551;0;KELLIN
95114;439;KELLY
97;0;KELLYNE
196;0;KELSILENE
0;1850;KELTON
25268;137;KELY
388;0;KENDRA
0;47;KENGI
581;0;KENNIA
2201;0;KEROLAINE
138;0;KEROLLIN
22527;94;KESIA
128;82;KESLY
434;0;KESSYA
87;0;KESY
154;0;KETHELEM
1773;0;KETHELYN
1001;0;KETHLEN
16736;141;KETLIN
152;0;KETLYM
6054;28;KETLYN
503;0;KETTY
279;40;KEULY
6940;21;KEYLA
0;41;KHRISTIAN
0;493;KILDER
47;0;KIRIAN
225;0;KIZZY
0;2255;KLAUS
187;35419;KLEBER
410;0;KLECIA
401;0;KLEIDE
32;0;KRISLLEN
40;0;KRYS
1097;255;LADI
1633;821;LADIR
2162;39;LADY
169;49056;LAERCIO
0;1034;LAERTES
0;27;LAERZIO
36661;137;LAIANE
8379;174;LAIDE
30529;115;LAILA
130730;631;LAIS
29208;110;LAISA
11592;43;LAISE
7386;78;LAIZ
13235;38;LAIZA
65;0;LALISSA
18540;56;LANA
677;0;LAODICEIA
0;156;LAOR
105741;365;LARA
836;0;LARESSA
494;0;LARIANA
3191;0;LARIANE
2047;0;LARICE
360523;1322;LARISSA
5874;21;LARISSE
160;0;LARISSI
5619;21;LARYSSA
59;0;LATOYA
4134;0;LAUANA
6356;20;LAUDELINA
22;5733;LAUDELINO
357;0;LAUDIA
13138;29;LAUDICEIA
517;0;LAUDICELIA
333;0;LAUDISEIA
209844;705;LAURA
352;0;LAURACI
792;0;LAUREANE
3144;1234;LAURECI
1802;0;LAURENICE
25;3919;LAURENTINO
658;7699;LAURI
2066;0;LAURIANA
5812;34;LAURIANE
145;0;LAURIANI
1579;0;LAURICE
491;201;LAURICI
14036;44;LAURINDA
43;12073;LAURINDO
707;0;LAURINEIDE
457;0;LAURINHA
219;0;LAURISA
50;0;LAURISTELA
11219;24;LAURITA
199;40691;LAURO
0;332;LAWRENCE
5963;25;LAYLA
4559;0;LAYS
5088;22;LAYSA
19088;135;LAZARA
284;55934;LAZARO
15596;50;LEA
149;216;LEACIR
28;0;LEALIS
0;497;LEANDER
34146;318;LEANDRA
311;0;LEANDRINA
2765;506483;LEANDRO
817;31;LEANI
932;0;LECIANE
776;275;LECIR
152;0;LECTICIA
38933;87;LEDA
99;0;LEDILENE
237;578;LEE
27318;83;LEIA
1103;0;LEICIANE
101953;213;LEILA
9230;32;LEILANE
457;28;LEILE
75;0;LEIRY
846;76;LEIVA
385;0;LEIZE
5364;0;LELIA
976;0;LENARA
23191;605;LENI
139;0;LENIARA
15285;50;LENICE
330;0;LENICI
844;0;LENILCE
11557;31;LENILDA
21236;714;LENIR
10678;21;LENIRA
207;103;LENIS
3145;0;LENISE
11113;0;LENITA
1351;0;LENIZE
309;0;LENORA
2898;94;LENY
210;15831;LEO
3418;0;LEOCADIA
471;260;LEOCI
150;2476;LEOCIR
21;0;LEOCRICIA
0;47;LEODIL
156;866;LEODIR
0;43;LEOIR
1072;17003;LEOMAR
35;0;LEOMARI
48;1803;LEOMIR
0;2709;LEONALDO
3343;544258;LEONARDO
161;0;LEONEIA
1975;39;LEONEIDE
112;1339;LEONES
147;0;LEONESIA
2762;57;LEONETE
9126;5745;LEONI
35244;236;LEONICE
434;0;LEONICIA
3183;292;LEONIDA
450;12350;LEONIDAS
638;279;LEONIDE
3501;0;LEONIDIA
22917;103;LEONILDA
3447;208;LEONILDE
72;14850;LEONILDO
108;0;LEONILSA
2636;0;LEONINA
3994;7753;LEONIR
1449;0;LEONIRA
20356;1634;LEONOR
8999;32;LEONTINA
387;380;LEONY
0;409;LEOVEGILDO
1251;210;LESLIE
142;0;LESLYE
824;0;LESSANDRA
81;0;LETANIA
434056;1572;LETICIA
38;356;LEU
1047;0;LEUNICE
375;35145;LEVI
39;2907;LEVY
325;21;LEZI
17378;108;LIA
1103;29;LIAMAR
1960;0;LIAMARA
10268;29;LIANA
13137;35;LIANE
537;31;LIBERACI
7778;20;LICIA
2321;0;LICIANE
0;1194;LICINIO
88023;236;LIDIA
86963;261;LIDIANE
0;7784;LIDIO
594;1667;LIDIOMAR
0;231;LIDSON
7956;20;LIDUINA
3309;47;LIEGE
1816;25;LIENE
48911;109;LIGIA
182;0;LIGIANA
3674;0;LIGIANE
261;0;LIGYA
2619;134;LILI
24555;86;LILIA
8945;26;LILIAM
84;0;LILIAMAR
108676;399;LILIAN
11739;27;LILIANA
88064;245;LILIANE
1243;0;LILIANI
285;0;LILIANY
43;0;LILIELE
1151;0;LILLIAN
196;0;LILYAN
9925;26;LINA
0;4739;LINCOLN
101;11207;LINCON
9672;41;LINDA
3994;49;LINDACI
1635;36;LINDACIR
42964;100;LINDALVA
1742;45;LINDAMAR
820;0;LINDAMARA
3647;35;LINDAMIR
262;0;LINDENALVA
23616;54;LINDINALVA
4573;39891;LINDOMAR
594;27;LINDSAY
416;22;LINDSEY
543;0;LINEIDE
43;0;LINETI
0;1918;LINEU
40;10658;LINO
0;30;LINON
287;0;LIONEIDE
966;0;LIONETE
4986;0;LIRIA
1297;0;LIRIAN
1000;0;LIRIANE
3270;169;LIS
2581;20;LISA
383;0;LISABETE
191;0;LISAMARA
10524;46;LISANDRA
1592;0;LISANGELA
624;0;LISE
5094;0;LISETE
55;0;LISIAN
14189;29;LISIANE
32;0;LISIMARA
23;0;LISIONETE
1327;0;LISLAINE
704;0;LISLANE
105;0;LISLAYNE
206;0;LISONETE
779;0;LISSA
2157;0;LISSANDRA
0;49;LIUMAR
143;0;LIVETE
135979;430;LIVIA
25;2934;LIVIO
3637;291;LIZ
1387;0;LIZA
7998;26;LIZANDRA
611;0;LIZANGELA
8019;25;LIZETE
7563;0;LIZIANE
169;0;LIZIANI
35;220;LOACIR
253;0;LOANDA
145;0;LOANI
367;0;LOARA
4576;116;LOIDE
145;514;LOIR
1689;0;LOISE
344;0;LOIZE
37;0;LOIZETE
6724;40;LORAINE
105;0;LORAINI
255;0;LOREANE
46;0;LORECY
63;0;LOREDANE
81;0;LORELAI
94;0;LORELEI
51;0;LORELEY
2847;56;LOREN
111906;404;LORENA
1396;0;LORENE
7240;473;LORENI
102;97;LORES
4365;1314;LORI
1521;0;LORIANE
30;0;LORIANY
81;21;LORICI
52;0;LORIDANE
84;0;LORILDA
212;654;LORIMAR
6248;35;LOUISE
64837;194;LOURDES
40;11755;LOURENCO
25;0;LOURENNA
49;0;LOURETE
257;0;LOURINETE
75;31032;LOURIVAL
124;0;LUAMAR
354625;1675;LUANA
3990;24;LUANDA
14025;118;LUANE
3135;0;LUANNA
10492;1116818;LUCAS
2229;37;LUCELI
30606;75;LUCELIA
33091;356;LUCI
287153;764;LUCIA
429769;1632;LUCIANA
81230;289;LUCIANE
2533;86;LUCIANI
345;0;LUCIANNE
2278;335214;LUCIANO
4732;0;LUCIARA
20;0;LUCICLE
15118;66;LUCICLEIDE
2027;21;LUCIELI
144238;423;LUCIENE
2189;0;LUCIENI
13748;41;LUCILA
1590;0;LUCILAINE
1947;0;LUCILDA
9900;0;LUCILEIA
2177;0;LUCILENA
82838;211;LUCILENE
14958;30;LUCILIA
67004;13633;LUCIMAR
49699;150;LUCIMARA
1570;26;LUCIMARI
745;0;LUCIMARY
144;0;LUCIMEIRA
9733;22;LUCIMEIRE
2083;0;LUCIMERE
825;0;LUCIMERI
163;0;LUCIMERY
2344;0;LUCINEA
3261;4096;LUCINEI
47254;108;LUCINEIA
45275;127;LUCINEIDE
14907;50;LUCINETE
134;0;LUCINEZ
272;55776;LUCIO
1282;0;LUCIOLA
3129;0;LUCIRENE
1947;62;LUCIVANE
17311;80;LUCIVANIA
8084;69;LUCY
201;0;LUCYANA
91;0;LUCYENE
116;0;LUCYMARA
28325;96;LUDIMILA
23829;78;LUDMILA
2734;0;LUDMILLA
282;0;LUENI
71;1459;LUIDI
4375;931530;LUIS
68227;312;LUISA
133;0;LUISIANA
4865;1102927;LUIZ
219667;854;LUIZA
128;0;LUIZABETE
52;0;LUIZENE
239;0;LUIZIANA
434;0;LUIZINHA
2756;0;LURDE
83288;274;LURDES
669;0;LUSANIRA
8940;31;LUSIA
1056;0;LUSIANA
2072;0;LUSIANE
823;0;LUSILENE
205;0;LUZELI
2467;94;LUZENIR
258278;670;LUZIA
127;0;LUZILETE
46;0;LUZIMERI
295;199;LUZINEI
7364;0;LUZINEIDE
54474;150;LUZINETE
163;0;LUZITA
2172;0;LYDIA
1887;0;LYGIA
77;0;LYLIA
937;0;LYVIA
3291;85;MABEL
52610;187;MADALENA
248;0;MADELON
40;0;MADERLI
3050;57;MAELI
25634;65;MAGALI
1617;0;MAGALY
34688;105;MAGDA
19237;84;MAGNA
205;38863;MAGNO
112094;516;MAIARA
857;134295;MAICON
51;0;MAIHARA
20;2459;MAIKO
5326;30;MAILA
159;0;MAILLA
377;194;MAIONE
21;2375;MAIQUEL
559;568;MAIR
55979;257;MAIRA
626;24;MAIRI
0;750;MAIRO
51924;220;MAISA
2449;0;MAISE
10010;45;MAIZA
583;0;MAIZE
108;0;MALANE
8606;32;MALVINA
207;0;MANIRA
1421;590924;MANOEL
31356;262;MANOELA
1323;0;MANOELLA
753;253031;MANUEL
60907;324;MANUELA
7105;111;MANUELE
1266;0;MANUELLE
773;0;MANUELLY
88631;287;MARA
37;0;MARACELI
5013;0;MARAISA
255;0;MARALINE
67;0;MARAYZA
177;20526;MARCEL
139351;1040;MARCELA
19553;199;MARCELE
11068;1087;MARCELI
2868;0;MARCELIA
11454;72;MARCELINA
20;0;MARCELIZE
7235;28;MARCELLA
6886;41;MARCELLE
26;5186;MARCELLO
3117;690098;MARCELO
1624;760;MARCI
551855;1851;MARCIA
14228;84;MARCIANA
6880;61;MARCIANE
8031;90;MARCIELE
938;1131;MARCILEI
32556;147;MARCILENE
98;22207;MARCILIO
1250;0;MARCINA
1906;466140;MARCIO
74;614;MARCLEI
832;207244;MARCO
5039;1101126;MARCOS
183;38346;MARCUS
58;0;MARCYA
337;0;MARECI
221;0;MARELISA
72;0;MAREN
638;0;MARENICE
60;0;MAREZETE
89;0;MARGARA
48363;123;MARGARETE
14510;32;MARGARETH
114690;341;MARGARIDA
30;0;MARGERY
697;0;MARGOT
25678;435;MARI
11694738;39391;MARIA
4198;26;MARIAH
1132;0;MARIALDA
2707;0;MARIALVA
1502;85;MARIAN
381778;1609;MARIANA
73675;346;MARIANE
12254;30;MARIANGELA
221;0;MARIANITA
2610;0;MARIANNE
2569;0;MARIBEL
767;0;MARICE
191;0;MARICELA
8996;32;MARICELIA
792;0;MARICI
1507;0;MARICLEIA
1788;0;MARICLEIDE
35;0;MARICLEUZA
238;0;MARICY
3170;0;MARIDALVA
2364;0;MARIE
1019;1545;MARIEL
19745;88;MARIELE
250;0;MARIELENA
8392;53;MARIELI
383;0;MARIELLA
1828;0;MARIELLE
1209;0;MARIELLY
85;0;MARIEN
12801;38;MARIETA
3016;0;MARIETE
136;0;MARIETTA
3768;0;MARILAINE
475;45;MARILAN
313;0;MARILANDA
50747;122;MARILDA
9021;69;MARILEI
10689;25;MARILEIA
162;0;MARILEN
11091;26;MARILENA
163944;449;MARILENE
4150;0;MARILETE
491;0;MARILEY
4951;27;MARILHA
6330;25;MARILI
86734;270;MARILIA
141;0;MARILIANA
473;0;MARILIANE
1219;0;MARILICE
645;0;MARILIN
1020;0;MARILIS
1141;0;MARILISA
1409;0;MARILISE
257;0;MARILIZ
710;0;MARILIZA
618;0;MARILIZE
7048;20;MARILSA
476;0;MARILSE
6107;35;MARILU
6143;20;MARILUCE
4137;20;MARILUCI
9336;27;MARILUCIA
817;0;MARILUZ
595;0;MARILVA
522;0;MARILY
444;0;MARILYN
41;0;MARILYS
28205;69;MARILZA
617;0;MARILZE
207760;782;MARINA
93355;272;MARINALVA
380;0;MARINDA
1955;33;MARINE
2474;230;MARINEI
28764;78;MARINEIDE
237;0;MARINEIVA
251;0;MARINELI
36638;112;MARINES
41122;131;MARINETE
2518;0;MARINEUSA
3424;0;MARINEUZA
429;43;MARINEY
10131;34;MARINEZ
32;5335;MARINHO
1176;0;MARINICE
51;0;MARINIL
234;0;MARINILSA
1057;0;MARINITA
33;9456;MARINO
1208;268171;MARIO
1662;622;MARION
978;39;MARIONE
95961;259;MARISA
1287;0;MARISANGELA
11314;20;MARISE
9158;23;MARISETE
74;0;MARISIANE
560;0;MARISLEI
81;0;MARISLEIA
3038;27;MARISOL
45328;105;MARISTELA
346;0;MARISTELLA
540;0;MARITZA
296;0;MARIUCHA
0;97;MARIUS
2025;0;MARIUSA
9470;60;MARIVALDA
257;0;MARIVANA
4475;0;MARIVANIA
3592;27;MARIVONE
44877;112;MARIZA
764;0;MARIZANGELA
5848;0;MARIZE
34435;110;MARIZETE
342;0;MARIZETH
631;0;MARIZETI
221;0;MARJANE
1447;0;MARJORI
4033;23;MARJORIE
25;1384;MARK
5096;35;MARLA
10780;2096;MARLEI
15990;56;MARLEIDE
301055;835;MARLENE
12951;42;MARLETE
2175;2067;MARLEY
209633;824;MARLI
159;0;MARLIANA
1822;0;MARLIANE
7015;20;MARLISE
0;103;MARLLOS
456;72507;MARLON
10851;70;MARLUCI
43;835;MARLUS
295;0;MARLUSA
479;0;MARLUZA
24358;157;MARLY
112;63;MARNI
67;0;MARQUILANE
61;0;MARSELI
214263;698;MARTA
8553;37;MARTHA
7363;26;MARTINHA
108;7046;MARTINS
16798;59;MARY
905;0;MARYANE
247;0;MARYELLEN
205;0;MARYLENE
4857;583962;MATEUS
0;258;MATHEOS
2700;347734;MATHEUS
145;15280;MATIAS
30128;142;MATILDE
113;0;MATSUE
40;0;MAUNA
39746;188;MAURA
240;0;MAUREEN
949;24;MAUREN
317;14082;MAURI
620;0;MAURIANE
5833;22;MAURICEIA
931;234847;MAURICIO
2389;0;MAURILIA
76;22412;MAURILIO
8169;26;MAURINA
0;40;MAURITY
442;166334;MAURO
271;33953;MAX
270;31;MAY
74792;285;MAYARA
0;78;MAYCKEL
189;32415;MAYCON
0;641;MAYKEL
29;4889;MAYKON
2590;0;MAYLA
69;0;MAYLI
582;0;MAYLLA
20786;75;MAYRA
10892;55;MAYSA
1458;0;MAYZA
37252;121;MEIRE
21;0;MEIRELY
1353;0;MEIRI
420;0;MEIRIAN
65;0;MEIRIELLI
2906;0;MELANIA
1003;0;MELANIE
365;0;MELIANE
7270;23;MELINA
43747;143;MELISSA
354;0;MELLANY
215;0;MELLINA
0;137;MELVIN
22097;160;MERCEDES
22626;89;MERCIA
1445;0;MERE
26;0;MERENILDE
4554;102;MERI
674;0;MERIA
1949;0;MERIAN
25;0;MERIEL
147;0;MERIELLE
468;0;MERILIN
51;0;MERLE
400;0;MERLI
30;0;MEROPE
2681;38;MERY
541;65736;MICHAEL
1614;0;MICHAELA
723;78252;MICHEL
2759;0;MICHELA
0;531;MICHELANGELO
200531;1472;MICHELE
40519;370;MICHELI
24;0;MICHELINNE
32430;156;MICHELLE
5995;48;MICHELLI
5597;23;MICHELLY
3944;30;MICHELY
1832;20;MIDIA
617;0;MIDORI
1244;239636;MIGUEL
3592;0;MIGUELINA
124;0;MILAGROS
1499;0;MILAINE
2959;26;MILCA
183;0;MILDRED
183;0;MILEIDI
107;0;MILEINE
158435;607;MILENA
37963;148;MILENE
940;0;MILLENE
266;125669;MILTON
3935;332;MIRACI
980;37;MIRANI
0;119;MIRCO
33964;123;MIRELA
15126;67;MIRELE
12214;48;MIRIA
0;42;MIRIALDO
70796;236;MIRIAM
126200;503;MIRIAN
4217;0;MIRIANE
428;0;MIRLAINE
7004;0;MIRNA
0;496;MIRON
91;0;MIROSLAVA
1980;0;MIRTA
10471;68;MIRTES
130;17822;MISAEL
2251;0;MISLAINE
118;0;MITZI
150;0;MIUCHA
100;16021;MIZAEL
228;79629;MOACIR
2653;0;MOEMA
0;1174;MOHAMED
547;124697;MOISES
1090;25;MONA
12374;46;MONALISA
136;0;MONALISSA
4881;24;MONALIZA
1010;0;MONIA
203322;608;MONICA
694;0;MONIKA
2219;0;MONIKE
67474;319;MONIQUE
16644;54;MORGANA
100;0;MORGANNA
26;0;MORGIANA
0;91;MORIS
0;391;MORONI
0;90;MOSER
0;57;MOUSES
0;1287;MOYSES
0;1811;MOZAR
0;866;MUNIR
2314;3063;MURIEL
718;115067;MURILO
63;0;MYCHELLY
594;0;MYLENE
1011;0;MYRIAM
232;0;MYRLA
414;0;NABILA
415;0;NADEGE
51186;148;NADIA
77;0;NADIMAR
57078;7189;NADIR
51;0;NADIRENE
14578;42;NADJA
7289;24;NAGILA
26951;115;NAIANE
85317;299;NAIARA
5651;0;NAILA
214;0;NAILCE
3231;0;NAILDE
115715;946;NAIR
18123;82;NAIRA
34;0;NAIRLE
3267;0;NAJARA
1760;0;NAJLA
624;0;NALU
5318;0;NALVA
931;0;NALZIRA
496;368;NAMIR
18719;123;NANCI
6924;42;NANCY
0;373;NANDERSON
30800;113;NARA
31;0;NARALI
0;861;NARCIZO
0;64;NASSIM
10805;46;NATACHA
334157;1169;NATALIA
53;8552;NATALICIO
5887;35;NATALIE
26377;116;NATALINA
103;20108;NATALINO
810;69835;NATANAEL
79;5727;NATANIEL
801;0;NATASCHA
16347;57;NATASHA
49921;187;NATHALIA
2457;0;NATHALIE
5295;25;NATHALY
369;0;NATIA
1211;0;NATIANE
316;0;NATIELLI
40;0;NATTASHA
0;59;NAURELINO
351;0;NAYA
47812;173;NAYARA
54;0;NAYRE
25072;843;NAZARE
26;0;NEFERTITE
388;11050;NEI
4566;0;NEIDA
113150;578;NEIDE
27;0;NEIDECI
1328;58;NEIDI
229;0;NEIDY
11616;22;NEILA
27;0;NEILANY
1146;0;NEILIANE
83;0;NEIRILENE
565;0;NEISA
729;0;NEISE
29766;135;NEIVA
55;0;NEIVANI
18970;3076;NELCI
0;263;NELCIO
37125;777;NELI
6155;0;NELIA
1229;0;NELIDA
57;11370;NELIO
493;0;NELISE
2218;26;NELLY
17715;45;NELMA
6179;848;NELSI
205;219;NELSIR
456;200125;NELSON
519;0;NELVA
5802;129;NELY
13572;27;NELZA
101;37;NELZIR
31;2171;NEMIAS
42;0;NENCY
63;199;NEOCIR
297;56;NEOLI
29;0;NEONILA
31;0;NEOZELI
4562;1778;NERCI
227;0;NERCINDA
2565;34;NEREIDE
0;4727;NEREU
2645;12534;NERI
113;0;NERISSA
0;3376;NERIVALDO
1343;140;NERLI
30;0;NERMI
39;15975;NESTOR
6039;744;NEUCI
179;0;NEULA
30;0;NEUMARI
2451;0;NEURA
362;30;NEURACIR
428;0;NEURACY
114846;226;NEUSA
1048;0;NEUSELI
1298;134;NEUSI
20;0;NEUSMARI
114541;262;NEUZA
83;22;NEUZAIR
655;0;NEUZETE
1172;77;NEUZI
223;69;NEUZIR
688;0;NEUZIRA
0;9318;NEWTON
257;8030;NEY
2336;26;NEYDE
114;0;NIANDRA
7460;24;NICE
2989;21;NICEIA
76;0;NICELDA
1353;0;NICIA
278;0;NICIANE
0;1308;NICKOLAS
0;838;NICKSON
0;2636;NICODEMOS
0;8159;NICOLAU
104992;826;NICOLE
91;0;NICOLETA
0;471;NICOLINO
4437;35;NICOLLE
95;0;NIDELCI
3482;0;NIDIA
3253;0;NIEDJA
48;438;NIELSEN
672;0;NIKOLE
75;479;NIL
16693;99;NILCE
1820;0;NILCEA
20;0;NILCECLEIA
10185;23;NILCEIA
83;0;NILCELE
271;0;NILCELI
1611;0;NILCELIA
149;0;NILCEMARA
218;0;NILCIMARA
44347;108;NILDA
3806;42;NILDE
43;10585;NILDO
50;0;NILIANA
326;0;NILIANE
16472;92;NILMA
44;18555;NILO
17113;52;NILSA
48;0;NILSARA
4566;43;NILSE
1327;0;NILSEIA
272;101524;NILSON
282;104846;NILTON
22828;75;NILVA
1123;0;NILVANA
80128;157;NILZA
11332;42;NILZETE
8267;26;NINA
70;0;NINIVI
106;173;NIOMAR
1008;0;NIRCE
22;0;NIRLIANE
0;307;NISIO
206;0;NISLAINE
128;0;NIUCEIA
36;0;NIUMARA
0;27;NIVACIR
219;277;NIVAIR
7801;64;NIVALDA
223;78608;NIVALDO
14278;35;NIVEA
13352;25;NIVIA
474;0;NIVIANE
453;0;NIZE
75;19123;NOEL
415;0;NOELE
26564;546;NOELI
11216;31;NOELIA
1582;41;NOELY
4673;53;NOEME
26595;220;NOEMI
48383;127;NOEMIA
0;399;NOEMIO
1161;0;NOEMY
150;0;NOESIA
24;13086;NORBERTO
313;109;NORIMAR
0;5798;NORIVAL
46548;140;NORMA
268;426;NORMAN
0;102;NOSLEN
191;0;OCALINA
480;0;OCELIA
157;0;OCIMARA
45;257;OCLAIR
0;1081;ODAILSON
715;67758;ODAIR
46;23;ODENE
431;0;ODENICE
460;2809;ODENIR
68467;524;ODETE
1946;21;ODILENE
7582;31;ODILIA
48;16694;ODILON
101;2547;ODINEI
134;2867;ODIR
0;3140;ODIRLEI
339;0;ODISSEIA
0;65;ODMIR
71;0;OKSANA
179;0;OLAIA
45;19359;OLAVO
51910;172;OLGA
48;0;OLIDETE
28989;119;OLINDA
41013;162;OLIVIA
0;527;OLIVIER
79;8485;OMAR
10379;28;ONDINA
2764;0;ONEIDA
6781;1191;ONEIDE
1913;0;ONELIA
2064;0;ONILDA
322;0;ONILDE
1182;0;ONIRA
392;0;ORACILDA
0;169;ORAZIL
0;494;ORELIO
0;30;ORENIL
24;1881;ORESTE
293;22;ORIANE
174;0;ORIETE
51;0;ORISTELA
0;6984;ORIVALDO
0;122;ORIZON
244;101211;ORLANDO
62;3151;ORLEI
301;47;ORLETE
2121;0;ORMINDA
7536;169;OSANA
95;37672;OSCAR
167;18260;OSEIAS
0;123;OSIR
49;858;OSIRES
153;0;OSLAINE
0;773;OSMAEL
72;4255;OSMAIR
0;1863;OSMAN
315;102717;OSMAR
295;243;OSMARI
13244;60;OSMARINA
117;0;OSMARINDA
36;0;OSMARY
289;0;OSMINDA
149;12017;OSNI
35;3141;OSNIR
0;121;OSVALDECIR
322;146986;OSVALDO
49;22708;OSWALDO
67;21900;OTACILIO
0;320;OTAMIR
579;99962;OTAVIO
15377;51;OTILIA
0;6993;OTONIEL
0;3426;OTTO
0;116;OVANDE
5273;176;OZANA
0;63;OZANAM
1646;0;OZELIA
1334;390;OZENIR
993;0;OZIANE
40;12443;OZIEL
164;0;OZIELE
915;132505;PABLO
11434;35;PALMIRA
0;731;PALMIRO
79036;361;PALOMA
138009;585;PAMELA
4499;0;PAMELLA
157;0;PAMMELA
50322;242;PAOLA
45;2157;PAOLO
0;221;PASQUALE
529446;1619;PATRICIA
451;49005;PATRICK
131;0;PATRYCIA
221113;1464;PAULA
21027;94;PAULINA
2122;29;PAULINE
58;16522;PAULINO
5355;1417907;PAULO
6048;1213557;PEDRO
2300;0;PEDROLINA
7296;31;PENHA
72;890;PERCI
2410;0;PERCILIA
189;0;PERGENTINA
26;5965;PERICLES
3861;0;PEROLA
5140;0;PERPETUA
90;18842;PETERSON
132;0;PHAMELLA
27;3487;PHELIPE
33;184;PIER
39;6140;PIERRE
14113;87;PIETRA
0;1314;PIO
0;462;PITAGORAS
50;16019;PLINIO
84237;315;POLIANA
9516;36;POLIANE
3103;0;POLLYANA
1765;0;POLLYANNA
167;0;POLLYANNE
3393;0;POLYANA
0;36;POTY
485;0;PRECILA
301;0;PRESCILA
54105;202;PRICILA
1262;0;PRICILLA
222460;668;PRISCILA
9040;0;PRISCILLA
266;0;PRISCYLA
422;0;PRISCYLLA
2626;0;PRISILA
338;0;PRUDENCIA
56;0;PRYCILA
173;0;PRYSCILA
201;0;PRYSCILLA
0;91;PYTER
10514;37;QUEILA
2067;25;QUELE
4888;38;QUELI
1940;0;QUEREN
5972;24;QUEZIA
0;1788;QUIRINO
36209;96;QUITERIA
11299;78;RACHEL
0;25;RACIEL
0;24;RADY
6929;814709;RAFAEL
272718;2299;RAFAELA
9754;320;RAFAELE
5776;181;RAFAELI
9467;53;RAFAELLA
568;0;RAIANNY
935;30;RAILDE
2187;611174;RAIMUNDO
483;0;RAINILDA
90;0;RAINILDE
113146;494;RAISSA
302;0;RAKELI
46;13457;RAMIRO
366;62441;RAMON
5953;22;RAMONA
768;3262;RANIERE
0;1670;RANILSON
0;32;RANUZIO
189;32693;RAPHAEL
5911;59;RAPHAELA
1277;0;RAPHAELLA
146;0;RAPHAELLY
284610;1805;RAQUEL
3533;0;RAQUELE
3322;23;RAQUELI
882;0;RAUANA
263;56823;RAUL
0;2637;RAULINO
2006;21;RAYRA
4436;0;REBECCA
85;0;REGENILDA
3198;0;REGIA
96432;394;REGIANE
1385;0;REGIANI
151;0;REGIANY
942;0;REGILAINE
252483;603;REGINA
768;225049;REGINALDO
1277;0;REGINEIDE
316;20286;REGIS
543;283;REINA
406;133930;REINALDO
56125;264;REJANE
593;0;REJANI
78;0;REJANNE
607;0;REJEANE
117;0;RELINDES
453;0;REMILDA
0;7534;RENALDO
1411;170182;RENAN
345195;1806;RENATA
1048;0;RENATE
1925;327610;RENATO
226;0;RENATTA
1927;21544;RENE
6918;5518;RENI
535;0;RENILCE
18033;59;RENILDA
1171;0;RENITA
0;27;RENOLD
0;374;RERISSON
0;37;REUBE
0;2695;REYNALDO
0;35;REYNOLDS
633;0;RHAYANE
241;0;RIANDRA
1868;467835;RICARDO
360;49910;RICHARD
71;0;RILA
207;0;RILENE
641;0;RILMA
42;15934;RINALDO
354720;832;RITA
1852;210;RITIELE
0;1047;RIVAIL
32;946;RIVAIR
81;23497;RIVALDO
0;5560;RIVELINO
295;0;RIZA
0;234;ROALDO
27;28;ROBELI
197;0;ROBENIA
0;28;ROBERLY
20;4339;ROBERSON
293;38440;ROBERT
142504;1049;ROBERTA
1456;435832;ROBERTO
41;14321;ROBERVAL
0;3469;ROBINSON
896;235386;ROBSON
98;20;ROCELI
120;0;ROCHELLI
0;246;RODERLEI
0;44;RODERLEY
55;5576;RODINEI
23;5035;RODNEI
24;3375;RODNEY
226;56090;RODOLFO
0;2025;RODOLPHO
2825;598825;RODRIGO
238;40743;ROGER
13861;132;ROGERIA
961;292635;ROGERIO
4383;0;ROMANA
0;706;ROMAR
296;59585;ROMARIO
29113;114;ROMILDA
118;35854;ROMILDO
22;9091;ROMUALDO
249;53192;ROMULO
230;69;ROMY
168;27054;RONALD
835;269489;RONALDO
0;518;RONDINELLI
559;26942;RONI
68;19440;RONILDO
312;0;RONILZA
1147;0;RONISE
26;8873;RONIVALDO
0;1371;RONNIE
165;6447;RONY
0;1759;ROOSEVELT
306336;848;ROSA
1859;0;ROSALBA
346;0;ROSALDA
42;0;ROSALE
4933;0;ROSALI
31593;67;ROSALIA
136;0;ROSALIE
52878;156;ROSALINA
5377;60;ROSALVA
577;0;ROSALY
190286;478;ROSANA
37;0;ROSANARA
82203;224;ROSANE
284;0;ROSANGEL
310226;663;ROSANGELA
8312;49;ROSANI
8402;22;ROSANIA
203;0;ROSANNE
13667;40;ROSARIA
1874;0;ROSAURA
48163;353;ROSE
52087;150;ROSEANE
277;0;ROSECLEA
1478;0;ROSECLEIA
2005;22;ROSECLER
17398;45;ROSELAINE
4681;0;ROSELANE
920;0;ROSELEIDE
370;0;ROSELEINE
2138;0;ROSELENA
14195;33;ROSELENE
168468;703;ROSELI
11285;0;ROSELIA
306;0;ROSELIANE
1091;21;ROSELIR
572;0;ROSELIS
3683;0;ROSELITA
8431;32;ROSELY
7592;2188;ROSEMAR
3922;0;ROSEMARA
11220;31;ROSEMARI
817;0;ROSEMARIA
14525;31;ROSEMARY
96;0;ROSEMAY
34469;77;ROSEMEIRE
8220;0;ROSEMERI
2137;0;ROSEMERY
218;0;ROSEMEYRE
721;1258;ROSEMIR
282;0;ROSENARA
1271;295;ROSENEI
999;0;ROSENEIA
4669;0;ROSENEIDE
20;0;ROSENEIS
15079;504;ROSENI
24358;82;ROSENILDA
5787;413;ROSENIR
1558;0;ROSENIRA
2198;20;ROSETE
6965;224;ROSI
3279;0;ROSIANA
47806;156;ROSIANE
1444;0;ROSIANI
910;0;ROSICLEA
922;258;ROSICLEI
9840;31;ROSICLEIA
9840;31;ROSICLEIA
10439;39;ROSICLEIDE
4042;73;ROSICLER
704;0;ROSIDETE
5610;0;ROSILAINE
8705;31;ROSILANE
46192;105;ROSILDA
296;0;ROSILDE
4660;327;ROSILEI
117499;289;ROSILENE
1771;0;ROSILENI
226;0;ROSILIANE
340;0;ROSILINE
22916;4598;ROSIMAR
6759;24;ROSIMARA
8202;32;ROSIMARI
6091;0;ROSIMARY
156;0;ROSIMEIA
78152;216;ROSIMEIRE
963;0;ROSIMEIRI
506;0;ROSIMEIRY
28993;84;ROSIMERE
13855;37;ROSIMERI
2525;0;ROSIMERY
531;0;ROSIMIRA
3810;20;ROSINA
582;0;ROSINEA
6818;2920;ROSINEI
10089;33;ROSINEIA
42875;134;ROSINEIDE
282;0;ROSINELI
17984;60;ROSINETE
678;356;ROSINEY
4639;0;ROSITA
20;3812;ROSIVAL
1705;24;ROSIVANE
698;28;ROSIVANI
300;0;ROSLAINE
55;0;ROSMARA
2592;0;ROSMARI
362;0;ROSMARY
671;0;ROSMERI
0;101;ROSNALDO
106;176;ROSNI
4337;0;ROSSANA
319;0;ROSSANE
41;25;ROSSELINE
137;335;ROSSI
958;22;ROSY
120;0;ROSYANE
56;0;ROTILDE
139;0;ROVANIA
488;0;ROXANE
1516;0;ROZA
4679;0;ROZANA
2187;0;ROZANE
6023;0;ROZANGELA
638;0;ROZANIA
3174;29;ROZELI
826;0;ROZELIA
243;0;ROZELY
122;102;ROZEMAR
34;0;ROZEMARY
45;0;ROZENEI
867;45;ROZENI
173;0;ROZIANA
228;0;ROZICLEIA
3521;0;ROZILDA
2523;0;ROZILENE
765;252;ROZIMAR
522;0;ROZIMERE
289;0;ROZINEIA
1336;0;ROZINEIDE
302;0;ROZITA
306;105396;RUBENS
0;1769;RUBERVAL
22268;81;RUBIA
3130;0;RUBIANA
2064;0;RUBIANE
0;204;RUBIN
144;0;RUBYA
50;418;RUDA
0;46;RUDAR
106;3722;RUDI
45;6172;RUDIMAR
0;37;RUDIMIR
589;0;RUDINEIA
0;424;RUDOLFO
122;38211;RUI
0;84;RULLIAN
53;0;RUMI
54524;229;RUTE
44878;184;RUTH
1274;0;RUTINEIA
549;0;SABINE
179037;606;SABRINA
496;96;SACHA
103;7587;SADI
40;4760;SAIMON
7445;21;SAIONARA
0;60;SALATHIEL
48095;120;SALETE
0;1232;SALIM
1947;0;SALMA
77;0;SALOA
98;33297;SALVADOR
110;22;SALY
29055;105;SAMANTA
9204;27;SAMANTHA
110087;436;SAMARA
189;0;SAMARINA
10574;46;SAMILA
38081;172;SAMIRA
96;0;SAMMIA
2186;291057;SAMUEL
24;507;SANDERLEI
30;3982;SANDERSON
39;10994;SANDOVAL
479230;1149;SANDRA
167;0;SANDREA
3109;0;SANDRIELE
685;124726;SANDRO
50;8390;SANTIAGO
20397;60;SANTINA
957;83;SANY
233349;937;SARA
36119;109;SARAH
3447;0;SARITA
241;45961;SAULO
1209;0;SAVANA
189;23936;SAVIO
3731;0;SAYONARA
914;27;SAYURI
5343;0;SCHEILA
147;0;SCHEILLA
1002;0;SCHIRLEI
775;0;SCHIRLEY
128064;705;SEBASTIANA
1173;461332;SEBASTIAO
80;811;SEDENIR
0;57;SEDIVAL
1492;0;SEILA
35;0;SELBA
0;37;SELEMAR
1974;0;SELENE
102116;248;SELMA
296;92;SELMI
1487;0;SELMIRA
613;0;SEMIRAMIS
34;0;SENICE
109;0;SENY
1152;0;SERGIANE
1185;403806;SERGIO
1668;52;SERLI
0;30;SERZEDELO
523;0;SETSUKO
105892;499;SEVERINA
0;2465;SEVERO
59;0;SHALIMAR
23;0;SHAMIA
750;0;SHANA
1711;0;SHARLENE
1338;64;SHARON
164;0;SHAYANA
85939;222;SHEILA
52;0;SHEISA
500;0;SHENIA
385;22;SHERLEY
23;0;SHEROLIN
1935;50;SHERON
4287;0;SHEYLA
27761;232;SHIRLEI
6117;0;SHIRLENE
34892;263;SHIRLEY
0;109;SHOZO
527;0;SHYRLEI
54;0;SIANI
8497;31;SIBELE
2255;0;SIBELI
502;0;SIBELLE
332;0;SIBERIA
252;0;SIDELMA
20;0;SIDEMARA
40;825;SIDENEI
0;28;SIDGLEY
902;0;SIDILENE
73;1983;SIDIMAR
6029;0;SIDINEIA
0;33;SIDINIR
1262;84193;SIDNEI
9542;41;SIDNEIA
828;45061;SIDNEY
143;0;SIDNEYA
0;44;SIEGMAR
41;0;SIHAM
23;0;SILEANE
552;96;SILEI
3021;0;SILEIDE
21;0;SILEIR
14431;56;SILENE
0;360;SILESIO
4954;65;SILMA
698;5441;SILMAR
45004;143;SILMARA
44;0;SILOA
223365;529;SILVANA
0;405;SILVANDRO
9423;608;SILVANE
5160;42;SILVANETE
9396;1435;SILVANI
44572;127;SILVANIA
3207;0;SILVANIRA
215;31443;SILVANO
2562;0;SILVERIA
94;12781;SILVESTRE
1113;24;SILVETE
203901;595;SILVIA
744;0;SILVIANA
3674;0;SILVIANE
984;0;SILVINHA
553;140457;SILVIO
177;0;SILVYA
53;11582;SIMAO
200;540;SIMAR
6436;22;SIMARA
2002;0;SIMEIA
73;0;SIMERI
141;93;SIMEY
161;0;SIMIANA
339535;964;SIMONE
39;0;SIMONEIA
14525;86;SIMONI
91;0;SIMONNE
11506;31;SINARA
93;128;SINCLAIR
0;49;SINDERLEY
605;0;SINDI
12654;26;SINTIA
1757;0;SIOMARA
21;0;SIRIAN
854;0;SIRLAINE
2291;48;SIRLANE
249;0;SIRLEA
47302;3298;SIRLEI
3653;0;SIRLEIA
45195;104;SIRLENE
85;0;SIRLENY
929;0;SIRLETE
8770;1437;SIRLEY
443;0;SIUMARA
130;358;SIVONEI
10224;45;SOELI
0;58;SOELIO
74612;276;SOFIA
170;0;SOILI
741;0;SOLAINE
199583;481;SOLANGE
477;0;SOLANGELA
0;2001;SOLANO
178;0;SOLEDAD
1293;0;SOLEDADE
1091;0;SOLIANE
2208;2147;SOLIMAR
641;0;SONALI
690;441;SONI
354487;732;SONIA
354487;732;SONIA
64;0;SONYA
22355;68;SOPHIA
33078;81;SORAIA
95;0;SORAY
7306;0;SORAYA
186;0;SORIANE
620;72;STAEL
26;1963;STANLEY
37179;380;STEFANI
5316;24;STEFANIE
22;0;STEFANIN
22019;147;STEFANY
8232;0;STELA
6051;0;STELLA
0;2809;STENIO
3044;81;STEPHANE
10446;42;STEPHANIE
6846;41;STEPHANY
30;0;STHAEL
3064;22;STHEFANI
47;0;SUDERLI
633;0;SUE
22084;108;SUELEM
78501;323;SUELEN
1093;0;SUELENA
5072;0;SUELENE
243899;685;SUELI
2251;0;SUELLEM
17019;58;SUELLEN
33476;97;SUELY
9475;26;SULAMITA
234;0;SULIANA
127;1851;SULIVAN
1561;0;SUMAIA
184;0;SURAIA
363;0;SUSAMAR
3527;0;SUSAN
23386;50;SUSANA
4710;0;SUSANE
120;0;SUSANNA
1724;0;SUSETE
4137;0;SUSI
1982;0;SUSIANE
100;0;SUSIELI
233;32;SUYAN
359;0;SUZA
736;0;SUZAMAR
2280;21;SUZAN
73753;191;SUZANA
14849;60;SUZANE
743;0;SUZANNE
1057;0;SUZELI
8617;28;SUZETE
6878;22;SUZI
266;0;SUZILEI
794;0;SUZILENE
30;0;SUZIMERI
2934;0;SUZY
106;0;SYBELLE
31;569;SYDNEY
3064;0;SYLVIA
148;0;SYMONE
99;0;SYRLENE
10810;41;TABATA
12654;46;TACIANA
8602;35;TACIANE
2494;0;TACILA
38667;158;TAIANE
13333;74;TAILANE
127613;2655;TAINA
1152;0;TAINAH
4991;59;TAINE
503;0;TAIONARA
3163;0;TAIRINE
201501;1015;TAIS
15951;71;TAISE
1375;0;TAISLAINE
20;0;TAITIANA
4510;32;TAIZ
5058;0;TAIZA
0;766;TAKASHI
0;28;TALAL
0;24;TALEL
2679;0;TALISSA
140494;548;TALITA
140494;548;TALITA
1332;0;TALITHA
102;0;TALIZE
1377;0;TALYTA
49093;189;TAMARA
737;0;TAMARIS
1076;29;TAMI
142898;817;TAMIRES
17512;84;TAMIRIS
829;0;TAMMY
370;0;TANA
1519;0;TANARA
87;0;TANE
855;0;TANEA
48;0;TANGRIANE
172242;366;TANIA
900;0;TANIELE
188;0;TANY
26;3987;TARCIO
23;5216;TARCISO
0;129;TARQUINO
1992;0;TARSILA
7360;29;TASSIA
777;0;TATHIANE
142512;404;TATIANA
208945;690;TATIANE
4164;0;TATIANI
169;0;TATIANNA
1356;0;TATIARA
681;0;TATIELLE
434;0;TATIELLY
20;0;TAVANY
0;111;TAVIO
391;0;TAWANA
1704;0;TAYANA
6596;32;TAYANE
850;0;TAYARA
255;0;TAYENE
14216;242;TAYNA
13677;63;TAYNARA
1047;0;TAYSE
0;567;TED
219;0;TELINA
60157;157;TELMA
196;0;TEODOSIA
0;1559;TEOTONIO
83045;203;TERESA
92470;197;TERESINHA
219219;603;TEREZA
298311;726;TEREZINHA
34;0;TESSY
35;0;THABATHA
204;0;THACIANA
61;0;THACYANE
0;955;THADEU
1487;0;THAIANA
6063;28;THAIANE
3334;32;THAILA
60;0;THAILISE
21246;292;THAINA
168816;804;THAIS
10553;47;THAISA
6358;0;THAISE
4745;0;THAISSA
2176;0;THAIZ
185;17201;THALES
21165;99;THALITA
2393;0;THALYTA
3834;0;THAMARA
18741;84;THAMIRES
299;0;THAMMY
575;0;THAMY
45;0;THANYA
163;0;THASSIANE
1425;0;THATIANA
142;0;THATYANA
1215;0;THAYANA
10805;38;THAYS
2334;0;THAYSA
2324;0;THAYSE
523;0;THAYZA
193;0;THAYZE
2301;0;THELMA
26;0;THEMYS
54;4776;THEO
1274;0;THERESA
7540;0;THEREZA
9503;0;THEREZINHA
2092;341645;THIAGO
100;13394;THOMAS
0;248;THOME
3062;492149;TIAGO
2523;0;TIARA
162;0;TIBURCIA
2356;0;TICIANA
5560;27;TICIANE
60;0;TICIANNE
552;0;TIEKO
2724;0;TIFANY
20;3080;TIMOTEO
450;0;TIRZA
21;4313;TITO
124;19527;TOMAS
35;5479;TOMAZ
816;0;TONIA
0;874;TONIEL
65;7204;TONY
124;0;TOSCA
938;0;TRICIA
52;7806;UANDERSON
71;14446;UBIRAJARA
23;10591;UBIRATAN
0;871;UDO
28;8651;UILSON
531;0;ULIANE
106;19497;ULISSES
34;2288;URIAS
302;0;URSOLA
6374;22;URSULA
1344;0;URSULINA
2486;26;VAGNA
665;131933;VAGNER
0;1146;VAILTON
238;151;VALACIR
100;1072;VALCIMAR
643;11410;VALCIR
20831;62293;VALDECI
248;0;VALDECILA
5806;71383;VALDECIR
39;641;VALDELEI
24593;319;VALDELICE
808;0;VALDELICIA
134;0;VALDELIZ
229;81970;VALDEMAR
533;75699;VALDEMIR
93;1489;VALDENEI
2498;3986;VALDENI
20436;338;VALDENICE
0;704;VALDENICIO
3378;20102;VALDENIR
125;2419;VALDER
2638;858;VALDERES
3533;764;VALDEREZ
297;9132;VALDERI
0;796;VALDERIO
62;595;VALDESIR
44355;5523;VALDETE
32;8019;VALDEVINO
109;815;VALDILEI
389;0;VALDILENA
1326;40649;VALDINEI
22696;93;VALDINEIA
1055;187067;VALDIR
58793;427;VALDIRENE
356;0;VALDNEIA
40;11247;VALDO
4251;85;VALDOMIRA
141;53882;VALDOMIRO
91;0;VALDRIANE
116;0;VALENCIA
26;4472;VALENTIM
183943;549;VALERIA
1139;0;VALERIANA
103;12307;VALERIO
11360;47;VALESCA
0;2217;VALFRIDO
65;0;VALINE
3716;0;VALKIRIA
65;226;VALMERI
645;115978;VALMIR
1005;0;VALMIRIA
0;2940;VALMIRO
20;14025;VALMOR
640;22;VALNETE
21;839;VALNEY
2493;26;VALNICE
374;0;VALNIRA
58746;175;VALQUIRIA
69;0;VALSILENE
28;237;VALTENI
0;296;VALTENIS
411;131037;VALTER
0;1930;VALTO
1002;0;VANA
92;111;VANADIR
76398;195;VANDA
242;15205;VANDER
446;30;VANDERLAINE
1690;0;VANDERLEA
967;126592;VANDERLEI
36438;182;VANDERLEIA
77;11592;VANDERLEY
5407;6851;VANDERLI
193;32346;VANDERSON
451;4021;VANDIR
25;0;VANDISA
192;0;VANDREA
422;0;VANELI
1539;0;VANESCA
717;0;VANESKA
417512;1326;VANESSA
5428;34;VANETE
1932;0;VANEZA
8555;745;VANI
137073;329;VANIA
5187;28;VANICE
130;0;VANIELA
30489;87;VANILDA
7141;103;VANILDE
4673;0;VANILZA
384;0;VANINA
33;3490;VANIO
3844;1891;VANIR
1927;0;VANIRA
675;0;VANISSE
39127;101;VANUSA
23959;48;VANUZA
107;2265;VARLEI
1525;27;VASTI
39;0;VAUDENICE
90;0;VAUDILENE
0;2252;VENCESLAU
28;3356;VENICIO
117;0;VENUSIA
376202;756;VERA
931;32;VERACI
564;32;VERANI
2120;0;VERANICE
1702;0;VERENICE
365;0;VERGILIA
0;2170;VERGILIO
2320;0;VERGINIA
10643;20;VERIDIANA
2180;0;VERIDIANE
335;0;VERINHA
119496;331;VERONICA
7394;26;VERONICE
1024;0;VERONILDA
1253;0;VERUSKA
105;844;VIANEI
355;125974;VICENTE
1876;240278;VICTOR
36;515;VILAMAR
112;91;VILDE
145167;627;VILMA
967;54869;VILMAR
3567;0;VILMARA
531;0;VILMARIA
86;43233;VILSON
546;0;VILZA
913;97077;VINICIOS
2403;302419;VINICIUS
0;33;VINICYOS
38422;99;VIRGINIA
3318;419585;VITOR
366797;2207;VITORIA
315;0;VITORIANA
220;11584;VITORIO
394;0;VITURINA
50377;182;VIVIAN
6961;0;VIVIANA
230213;609;VIVIANE
3645;0;VIVIANI
952;0;VIVIANNE
239;0;VIVIELE
352;0;VIVIEN
50;14245;VLADIMIR
0;1970;VLADMIR
0;7090;VOLMIR
30;9839;VOLNEI
0;208;VORLEI
1271;0;WAGNA
505;124863;WAGNER
0;1153;WAGNO
29;682;WALCIR
77;0;WALDECIRA
25;0;WALDELIZ
34;14178;WALDEMAR
0;1324;WALDEMIRO
423;72;WALDEREZ
0;288;WALDEVINO
96;0;WALDICEIA
137;0;WALDINA
81;18225;WALDIR
427;0;WALDIRA
1729;25;WALDIRENE
0;5423;WALDOMIRO
1664;0;WALERIA
2541;0;WALESKA
3660;0;WALKIRIA
665;0;WALKYRIA
188;31233;WALLACE
207;24;WALLI
69;10339;WALMIR
0;1494;WALMOR
5984;22;WALQUIRIA
0;350;WALTENCIR
153;67207;WALTER
13723;53;WANDA
0;21;WANDECY
103;16814;WANDERLEI
4226;38;WANDERLEIA
49;15267;WANDERLEY
380;706;WANDERLI
407;75619;WANDERSON
11272;58;WANESSA
3350;0;WANIA
312;0;WANUSA
0;595;WARLLEY
113;33788;WASHINGTON
0;24;WELESLEY
234;50397;WELINGTON
306;76820;WELLINGTON
381;0;WELLITA
28;5678;WELSON
93;17142;WEMERSON
3243;416;WENDY
1570;0;WERICA
1104;156101;WESLEY
0;92;WESLLI
0;249;WEYDSON
28;0;WILLAINE
58;6260;WILLAN
387;61141;WILLIAM
1043;144078;WILLIAN
47;6508;WILLIANS
0;61;WILLIMAR
0;1216;WILLIS
25206;155;WILMA
174;5489;WILMAR
478;0;WILMARA
0;234;WILMER
471;188329;WILSON
88;23584;WILTON
1785;0;WILZA
94;0;WISLLA
341;0;WIVIANE
0;1058;WLADEMIR
0;4185;WLADIMIR
0;21;WYLLIANS
942;0;XENIA
204;0;XIMENA
25683;85;YARA
103787;465;YASMIN
260;0;YOLE
464;0;YOSHIE
34;0;YULIANA
7994;24;ZAIRA
0;158;ZANONE
35;6218;ZAQUEU
0;3015;ZEFERINO
1363;0;ZEILA
0;46;ZEILTO
309;0;ZELAIR
571;0;ZELDA
9280;465;ZELI
56967;123;ZELIA
7155;22;ZELINDA
6946;26;ZELITA
3599;0;ZELMA
37229;271;ZENAIDE
7856;54;ZENEIDE
8641;244;ZENI
32559;82;ZENILDA
4849;36;ZENILDE
0;1023;ZENILSON
0;311;ZENIO
6055;515;ZENIR
2327;0;ZENIRA
4345;0;ZENITA
1115;0;ZENOBIA
0;22;ZENOVIO
602;0;ZENY
6800;0;ZILA
82927;208;ZILDA
1111;25;ZILDENE
191;0;ZILDINHA
23275;107;ZILMA
0;47;ZOLTAN
32;0;ZONILDE
7993;32;ZORAIDE
273;0;ZOZIMA
7145;0;ZULEICA
22879;49;ZULEIDE
2526;0;ZULEIKA
431;0;ZULEIMA
115;0;ZULEINE
32;0;ZULIANE
45;0;ZULITA
10743;30;ZULMIRA
